date,segment_count,duration_seconds_sum,primary_title
2022-03-09,1,8452,Ranking the WORST Desserts in America w/ nmplol (Just Chatting) - [03/09/2022] | OTK Cyr VODs
2022-04-01,1,17311,"1st Day in Italy, Dinner, Drinks & New Friends - ITALY TRIP DAY 01 (FULL VOD 04/01/2022)"
2022-04-03,1,38386,"Best Beer in Italy, Visiting Vatican City & Chill Night - ITALY TRIP DAY 02 (FULL VOD 04/03/2022)"
2022-04-04,1,36307,Ancient Rome & Cuddeling on a Battlefield - ITALY TRIP DAY 03 (FULL VOD 04/04/2022)
2022-04-05,1,41942,"Colosseum, Lots of Drinks & McDonalds Incident - ITALY TRIP DAY 04 (FULL VOD 04/05/2022)"
2022-04-07,1,24029,"San Lorenzo Market, 1st Day of Florence  - ITALY TRIP DAY 05 (FULL VOD 04/07/2022)"
2022-04-08,1,36781,Partying on the Streets of Florence  - ITALY TRIP DAY 06 (FULL VOD 04/08/2022)
2022-04-09,1,42215,Last Day of Florence & Hotel Room Party  - ITALY TRIP DAY 07 (FULL VOD 04/09/2022)
2022-04-10,1,32479,"1st Day of Venice, Meeting Wonton Don & Prince  - ITALY TRIP DAY 08 (FULL VOD 04/10/2022)"
2022-04-11,1,32115,"Another Side of Venice, Barkeeper Rich & Lonely Cyr - ITALY TRIP DAY 09 (FULL VOD 04/11/2022)"
2022-04-12,1,36001,Gondola Tour & Jewish Ghetto (Ghetto Ebraico) - ITALY TRIP DAY 10 (FULL VOD 04/12/2022)
2022-04-14,1,30123,"1st Day of Sicily, Seafood Dinner - ITALY TRIP DAY 11 (FULL VOD 04/14/2022)"
2022-04-15,1,37568,Sicily Nightlife & Making new Friends - ITALY TRIP DAY 12 (FULL VOD 04/15/2022)
2022-04-18,1,20620,Last Day in Sicily & First Night in Milan - ITALY TRIP DAY 14 (FULL VOD 04/18/2022)
2022-04-19,1,18233,"Last Day of Italy, Oldest Shopping Gallery of Italy - ITALY TRIP DAY 15 (FULL VOD 04/19/2022)"
2022-07-09,1,9292,Shitcamp Zipline Stream (Just Chatting) - [07/09/2022] | OTK Cyr VODs
2022-07-15,1,15028,Cyr Plays Chimeraland (w/ Maya & RichWCampbell) - [7/15/2022] #ad | OTK Cyr VODs
2022-07-17,1,17308,Cyr Rebuilds His Desk Setup (Just Chatting) - [07/17/2022] | OTK Cyr VODs
2022-07-18,3,16297,Cyr plays MADiSON - FULL GAMEPLAY [07/18/2022] | OTK Cyr VODs
2022-07-20,3,31469,Sleepover Stream w/ Tectone & Rich (Just Chatting) - [7/20/2022] | OTK Cyr VODs
2022-07-21,1,18001,Preparing for Haunted Asylum (Just Chatting) - [07/21/2022] | OTK Cyr VODs
2022-07-24,2,22671,Late Night LEGO Building (Just Chatting) - [07/24/2022] | OTK Cyr VODs
2022-08-28,3,21033,Cyr Plays Arcade Paradise - FULL GAMEPLAY [08/28/2022] | OTK Cyr VODs
2022-08-29,1,15292,Cyr Plays Arcade Paradise - FULL GAMEPLAY [08/29/2022] | OTK Cyr VODs
2022-09-01,2,17833,Cyr Plays My Summer Car #1 - FULL GAMEPLAY [09/01/2022] | OTK Cyr VODs
2022-09-10,1,9734,Shitcamp Recap @ NAME YOUR PRICE Backstage (Just Chatting) - [09/10/2022] | OTK Cyr VODs
2022-09-12,2,13169,Covering Royal Ceremonies & Random Videos (Just Chatting) - [09/12/2022] | OTK Cyr VODs
2022-09-13,2,12937,Cyr Plays My Summer Car (#02) - FULL GAMEPLAY [09/13/2022] | OTK Cyr VODs
2022-09-15,3,25240,Cyr Plays Parkitect - FULL GAMEPLAY #001 [09/15/2022] | OTK Cyr VODs
2022-09-16,2,11631,Cyr Plays Parkitect - FULL GAMEPLAY #002 [09/16/2022] | OTK Cyr VODs
2022-09-17,3,25302,Cyr Plays The Wandering Village - FULL GAMEPLAY [09/17/2022] | OTK Cyr VODs
2022-09-18,2,22022,Cyr Plays The Long Drive  - FULL GAMEPLAY #002 [09/18/2022] | OTK Cyr VODs
2022-10-09,1,7364,Cyr @ Twitch Rivals Gauntlet (TwitchCon 2022) (Just Chatting) - [10/09/2022] | OTK Cyr VODs
2022-10-13,1,11763,Cyr Plays Overwatch 2 w/@Myth_YT - FULL GAMEPLAY #001 [10/13/2022] | OTK Cyr VODs #ad
2022-10-15,1,10369,Cyr Plays Overwatch 2 @ Razercon - FULL GAMEPLAY #002 [10/15/2022] | OTK Cyr VODs
2022-10-23,5,33238,Cyr Plays LEGO® Bricktales - FULL GAMEPLAY [10/23/2022] | OTK Cyr VODs
2022-10-24,4,35376,Cyr Plays Don't Starve Together w/@WillNeff FULL GAMEPLAY #002 (Part 1) [10/24/2022] | OTK Cyr VODs
2022-10-25,2,6350,Let's Buy a Californian Ranch! (Just Chatting) - [10/25/2022] | OTK Cyr VODs
2022-10-29,1,7737,Tower of Fantasy @ Razerstore w/ Emiru & more (Just Chatting) - [10/29/2022] | OTK Cyr VODs #ad
2022-10-31,1,10048,Ranking the BEST Candy for Halloween (Just Chatting) - [10/31/2022] | OTK Cyr VODs
2022-11-02,2,16682,Cyr plays WorldBox God Simulator - FULL GAMEPLAY [11/02/2022] | OTK Cyr VODs
2022-11-03,1,11404,Cyr Ranks EVERY Beer w/@Tectone (Just Chatting) - [11/03/2022] | OTK Cyr VODs
2022-11-07,1,6074,Cyr Plays Don't Starve Together w/@WillNeff - FULL GAMEPLAY #003 [11/07/2022] | OTK Cyr VODs
2022-11-14,2,19455,Cyr Plays The Sims 1 - FULL GAMEPLAY #001 [11/14/2022] | OTK Cyr VODs
2022-11-15,1,9539,Cyr Plays The Sims 1 - FULL GAMEPLAY #003 [11/15/2022] | OTK Cyr VODs
2022-11-16,3,41397,Cyr Plays Kenshi - FULL GAMEPLAY #001 (Part 2) [11/16/2022] | OTK Cyr VODs
2022-11-17,1,4791,Cyr Plays Kenshi - FULL GAMEPLAY #002 [11/17/2022] | OTK Cyr VODs
2022-11-18,1,16329,Cyr Plays Kenshi - FULL GAMEPLAY #003 [11/18/2022] | OTK Cyr VODs
2022-11-22,1,12265,Cyr Plays Kenshi - FULL GAMEPLAY #004 [11/22/2022] | OTK Cyr VODs
2022-11-27,2,12651,Cyr Plays Kenshi - FULL GAMEPLAY #005 [11/27/2022] | OTK Cyr VODs
2022-12-02,2,12634,Cyr reacts to 1775 Couples' Morning Routine (Just Chatting) - [12/02/2022] | OTK Cyr VODs
2022-12-05,1,5041,"Cyr Plays Warhammer 40,000: Darktide w/@WillNeff - FULL GAMEPLAY [12/05/2022] | OTK Cyr VODs"
2022-12-06,2,15697,Cyr Plays Goat Simulator 3 - FULL GAMEPLAY [12/06/2022] | OTK Cyr VODs
2022-12-15,1,16509,Cyr Plays Kerbal Space Program - FULL GAMEPLAY #001 [12/15/2022] | OTK Cyr VODs
2022-12-16,1,3345,Cyr Plays Kerbal Space Program - FULL GAMEPLAY #002 [12/16/2022] | OTK Cyr VODs
2023-01-02,2,22376,Cyr Plays My Gaming Club - FULL GAMEPLAY (Part 2) [01/02/2023] | OTK Cyr VODs
2023-01-03,1,8354,Cyr Plays Fallout: New Vegas - FULL GAMEPLAY #001 [01/03/2023] | OTK Cyr VODs
2023-01-04,1,12546,Cyr Plays Fallout: New Vegas - FULL GAMEPLAY #002 [01/04/2023] | OTK Cyr VODs
2023-01-05,2,25454,Cyr Plays Fallout: New Vegas - FULL GAMEPLAY #003 (Part 2) [01/05/2023] | OTK Cyr VODs
2023-01-06,1,15425,Cyr Plays Fallout: New Vegas - FULL GAMEPLAY #004 [01/06/2023] | OTK Cyr VODs
2023-01-13,1,13843,Cyr Plays Fallout: New Vegas - FULL GAMEPLAY #005 [01/13/2023] | OTK Cyr VODs
2023-01-15,2,27255,Cyr Plays Fallout: New Vegas - FULL GAMEPLAY #006 (Part 2) [01/15/2023] | OTK Cyr VODs
2023-01-17,1,10110,Cyr Plays Fallout: New Vegas - FULL GAMEPLAY #007 [01/17/2023] | OTK Cyr VODs
2023-01-19,1,1303,Cyr Plays Fallout: New Vegas - FULL GAMEPLAY #008 [01/19/2023] | OTK Cyr VODs
2023-01-20,1,19945,Cyr Plays Fallout: New Vegas - FULL GAMEPLAY #009 [01/20/2023] | OTK Cyr VODs
2023-01-22,2,26488,Cyr Plays Fallout: New Vegas - FULL GAMEPLAY #010 (Part 1) [01/22/2023] | OTK Cyr VODs
2023-01-23,1,10567,Cyr Plays Fallout: New Vegas - FULL GAMEPLAY #011 [01/23/2023] | OTK Cyr VODs
2023-01-25,1,16136,Cyr Plays Fallout: New Vegas - FULL GAMEPLAY #012 [01/25/2023] | OTK Cyr VODs
2023-02-05,1,13184,Cyr Plays Fallout 3 - FULL GAMEPLAY #001 [02/05/2023] | OTK Cyr VODs
2023-02-06,1,8153,Cyr Plays Fallout 3 - FULL GAMEPLAY #002 [02/06/2023] | OTK Cyr VODs
2023-02-07,1,8806,Building My New Starforge PC w/@nmplol (Just Chatting) - [02/07/2023] | OTK Cyr VODs
2023-02-13,1,15230,Cyr Plays Dark and Darker #001 (w/ Friends) - FULL GAMEPLAY [02/13/2023] | Cyr VODs
2023-02-14,1,7038,Cyr Plays Dark and Darker #002 (w/ Friends) - FULL GAMEPLAY [02/14/2023] | Cyr VODs
2023-02-15,1,9852,Cyr Plays Dark and Darker #003 (w/ Friends) - FULL GAMEPLAY [02/15/2023] | OTK Cyr VODs
2023-02-18,1,15094,Cyr Plays Kingdom Come Deliverance - FULL GAMEPLAY #001 [02/18/2023] | OTK Cyr VODs
2023-02-19,3,31567,Cyr Plays Kingdom Come Deliverance - FULL GAMEPLAY #002 [02/19/2023] | OTK Cyr VODs
2023-02-21,1,8813,Cyr Plays Kingdom Come Deliverance - FULL GAMEPLAY #003 [02/21/2023] | OTK Cyr VODs
2023-02-22,1,4465,Cyr Plays Kingdom Come Deliverance - FULL GAMEPLAY #004 [02/22/2023] | OTK Cyr VODs
2023-02-23,1,19851,Cyr Plays Sons of the Forest - FULL GAMEPLAY #001 [02/23/2023] | OTK Cyr VODs
2023-02-25,1,10513,Walking around Austin w/ @WillNeff & @nmplol (Just Chatting) - [02/25/2023] | OTK Cyr VODs
2023-02-27,3,47212,Cyr Plays Sons of the Forest w/ @WillNeff - FULL GAMEPLAY #003 (Part 1) [02/27/2023] | OTK Cyr VODs
2023-03-01,1,10860,Cyr Plays Sons of the Forest w/ @WillNeff  - FULL GAMEPLAY #004 [03/01/2023] | OTK Cyr VODs
2023-03-09,1,11535,Cyr Plays Contraband Police  - FULL GAMEPLAY [03/09/2023] | OTK Cyr VODs
2023-03-13,2,24257,Cyr Plays Kingdom Come Deliverance - FULL GAMEPLAY #005 (Part 1) [03/13/2023] | OTK Cyr VODs
2023-03-16,1,5415,Cyr Plays Kingdom Come Deliverance - FULL GAMEPLAY #006 [03/16/2023] | OTK Cyr VODs
2023-03-20,1,21230,Cyr Plays Living Skyrim - FULL GAMEPLAY #001 [03/20/2023] | OTK Cyr VODs
2023-03-22,1,18068,Cyr Plays Living Skyrim - FULL GAMEPLAY #002 [03/22/2023] | OTK Cyr VODs
2023-03-23,1,9316,Cyr Plays Living Skyrim - FULL GAMEPLAY #003 [03/23/2023] | OTK Cyr VODs
2023-03-27,1,6596,Who Can Cook The Best Fries? w/@nmplol & @Squeex  (Just Chatting) - [03/27/2023] | OTK Cyr VODs
2023-03-28,3,23803,Cyr Plays Living Skyrim - FULL GAMEPLAY #004 [03/28/2023] | OTK Cyr VODs
2023-03-29,1,11557,Which FOODTRUCK offers the SPICIEST Food + Trip to Mall (Just Chatting) - [03/29/2023] | Cyr VODs
2023-04-03,3,35792,Deep Dive Into Pure Nostalgia (Just Chatting) - [04/03/2023] | OTK Cyr VODs
2023-04-04,3,21594,Cyr Plays The Long Drive  - FULL GAMEPLAY #003 [04/04/2023] | Cyr VODs
2023-04-05,3,16585,Cyr Plays No Man's Sky - FULL GAMEPLAY #002 [04/05/2023] | Cyr VODs
2023-04-06,2,13622,Ranking the BEST EUROPEAN COUNTRIES *NOT SERIOUS* (Just Chatting) [04/06/2023] | Cyr VODs
2023-04-10,4,45651,Cyr Plays Valheim #003 (w/ Friends) - FULL GAMEPLAY [04/10/2023] | Cyr VODs
2023-04-11,1,18810,Cyr Plays Valheim #004 - FULL GAMEPLAY [04/11/2023] | Cyr VODs
2023-04-12,2,25748,Cyr Plays Valheim #006 - FULL GAMEPLAY [04/12/2023] | Cyr VODs
2023-04-13,1,5131,Cyr Plays SEKIRO - FULL GAMEPLAY #001 [04/13/2023] | Cyr VODs
2023-04-17,1,21580,Cyr Plays Valheim #009 (w/ Friends) - FULL GAMEPLAY [04/17/2023] | OTK Cyr VODs
2023-04-18,1,13284,CYR Plays Valheim #010 (w/ Friends) - FULL GAMEPLAY [04/18/2023] | Cyr VODs
2023-04-19,1,21213,Cyr Plays Valheim #011 (w/ Friends) - FULL GAMEPLAY [04/19/2023] | Cyr VODs
2023-04-20,2,25585,Cyr Plays Valheim #012 (w/ Friends) - FULL GAMEPLAY [04/20/2023] | Cyr VODs
2023-04-21,1,8276,Cyr Plays Valheim #014 (w/ Friends) - FULL GAMEPLAY [04/21/2023] | Cyr VODs
2023-04-24,3,21277,Cyr Plays Valheim #015 (w/ Friends) - FULL GAMEPLAY [04/24/2023] | Cyr VODs
2023-04-25,2,10674,Cyr Plays Golf Gang #001 (w/@Myth_YT) - FULL GAMEPLAY [04/25/2023] | Cyr VODs
2023-05-01,1,17803,"Exploring Austin, TX and Golfing w/ @Myth_YT  (Just Chatting) - [05/01/2023] | Cyr VODs"
2023-05-03,1,11175,Cooking Home Made Pizza w/@Myth_YT (Just Chatting) - [05/03/2023] | Cyr VODs
2023-05-05,1,6319,CYR Plays Dark Souls #001 - FULL GAMEPLAY [05/05/2023] | Cyr VODs
2023-05-06,1,11441,Cyr Plays Dark Souls #002 - FULL GAMEPLAY [05/06/2023] | Cyr VODs
2023-05-08,2,26405,CYR Plays Dark Souls #004 - FULL GAMEPLAY [05/08/2023] | Cyr VODs
2023-05-09,2,26129,Cyr Plays Dark Souls #006 - FULL GAMEPLAY [05/09/2023] | Cyr VODs
2023-05-10,1,16500,Cyr Plays Dark Souls #007 - FULL GAMEPLAY [05/10/2023] | Cyr VODs
2023-05-11,1,19017,Cyr Plays Dark Souls #008 - FULL GAMEPLAY [05/11/2023] | Cyr VODs
2023-05-13,1,7989,Cooking Mini Pizza w/@nmplol (Just Chatting) - [05/13/2023] | Cyr VODs
2023-05-16,1,16488,Cyr Plays Dark Souls #009 - FULL GAMEPLAY [05/16/2023] | Cyr VODs
2023-05-17,1,18971,Cyr Plays Dark Souls #010 - FULL GAMEPLAY [05/17/2023] | Cyr VODs
2023-05-18,1,17250,Cyr Plays Dark Souls #011 - FULL GAMEPLAY [05/18/2023] | Cyr VODs
2023-05-19,1,15215,Cyr Plays Dark Souls #012 - FULL GAMEPLAY [05/19/2023] | Cyr VODs
2023-05-22,1,21572,Cyr Plays Dark Souls #013 - FULL GAMEPLAY [05/22/2023] | Cyr VODs
2023-05-23,1,15590,Cyr Plays Dark Souls #014 (ENDING) - FULL GAMEPLAY [05/23/2023] | Cyr VODs
2023-06-25,1,2282,CYR Reacts to Schlatt Kidnaps OTK! (Just Chatting) - [06/25/2023] | Cyr VODs
2023-06-30,1,9967,Making Homemade Pizza At Night (Just Chatting) - [06/30/2023] | Cyr VODs
2023-07-05,1,13790,Cyr Plays Raft #001 (w/@WillNeff)  - FULL GAMEPLAY [07/05/2023] | Cyr VODs
2023-07-07,1,11638,Pizza Friday w/@Tectone & @PeachJars (Just Chatting) - [07/07/2023] | Cyr VODs
2023-07-12,1,6192,Grilling Sausages & Unpacking (Just Chatting) - [07/12/2023] | Cyr VODs
2023-07-14,1,11767,Getting Sturdy on Pizza Friday w/@extraemily (Just Chatting) - [07/14/2023] | Cyr VODs
2023-07-15,1,12582,Cyr Plays Grounded #001 (w/ Friends) - FULL GAMEPLAY [07/15/2023] | Cyr VODs
2023-07-25,3,42669,Cyr Plays Grounded #003 (w/ Friends) - FULL GAMEPLAY [07/25/2023] | Cyr VODs
2023-07-28,1,15129,Pizza Friday w/ @nmplol & @PeachJars (Just Chatting) - [07/28/2023] | Cyr VODs
2023-07-30,1,6425,Cyr Plays Conan Exiles #001 (w/ Friends) - FULL GAMEPLAY [07/30/2023] | Cyr VODs
2023-07-31,2,24519,Cyr Plays Conan Exiles #003 (w/ Friends) - FULL GAMEPLAY [07/31/2023] | Cyr VODs
2023-08-02,1,20379,Cyr Plays Conan Exiles #004 (w/ Friends) - FULL GAMEPLAY [08/02/2023] | Cyr VODs
2023-08-07,2,22948,Cyr Plays Conan Exiles #005 (w/ Friends) - FULL GAMEPLAY [08/07/2023] | Cyr VODs
2023-08-08,2,18794,Cyr Plays Dark and Darker #005 (w/ Friends) - FULL GAMEPLAY [08/08/2023] | Cyr VODs
2023-08-09,1,17655,Cyr Plays Dark and Darker #006 (w/ Friends) - FULL GAMEPLAY [08/09/2023] | Cyr VODs
2023-08-10,1,2466,Cyr Plays Dark and Darker #007 - FULL GAMEPLAY [08/10/2023] | Cyr VODs
2023-08-18,1,10606,Worst Pizza Friday Ever! w/ @WillNeff (Just Chatting) - [08/18/2023] | Cyr VODs
2023-08-24,1,9133,CYR Plays FORTNITE For the FIRST time! - FULL GAMEPLAY [08/24/2023] | Cyr VODs
2023-08-28,1,8248,Late Night Ribeye Steak with @Tectone (Just Chatting) - [08/28/2023] | Cyr VODs
2023-08-30,1,4101,CYR Plays Cuphead #001 - FULL GAMEPLAY [08/30/2023] | Cyr VODs
2023-08-31,5,76647,Cyr Plays STARFIELD #001 - FULL GAMEPLAY [08/31/2023] | Cyr VODs
2023-09-04,1,18268,CYR Plays STARFIELD #005 - FULL GAMEPLAY [09/04/2023] | Cyr VODs
2023-09-05,2,23066,CYR Plays STARFIELD #007 - FULL GAMEPLAY [09/05/2023] | Cyr VODs
2023-09-06,2,37104,CYR Plays STARFIELD #008 - FULL GAMEPLAY [09/06/2023] | Cyr VODs
2023-09-07,1,8962,CYR Plays STARFIELD #009 - FULL GAMEPLAY [09/07/2023] | Cyr VODs
2023-09-12,1,5646,Late Night Barbecue w/ @PeachJars (Just Chatting) - [09/12/2023] | Cyr VODs
2023-09-15,1,14042,Pizza Friday w/ @Alinity & @fandybtw (Just Chatting) - [09/15/2023] | Cyr VODs
2023-09-21,1,5075,We Became Dog Trainers w/ @WillNeff & @thecarolinekwan (Just Chatting) - [09/21/2023] | Cyr VODs
2023-09-25,2,36039,CYR Plays Cyberpunk 2077 #001 - FULL GAMEPLAY [09/25/2023] | Cyr VODs
2023-09-26,2,37310,CYR Plays Cyberpunk 2077 #004 - FULL GAMEPLAY [09/26/2023] | Cyr VODs
2023-09-27,1,12817,CYR Plays Cyberpunk 2077 #005 - FULL GAMEPLAY [09/27/2023] | Cyr VODs
2023-10-10,1,16572,Destroying These Women in Minigolf (Just Chatting) - [10/10/2023] | Cyr VODs
2023-10-16,1,18305,Pumpkin Carving with @PeachJars (Just Chatting) - [10/16/2023] | Cyr VODs
2023-10-18,1,16753,Twitch Con Outfit Shopping w/ Friends (Just Chatting) - [10/18/2023] | Cyr VODs
2023-10-25,1,8095,Cooking Steak on Open Fire w/ @PeachJars & @jessicanigri (Just Chatting) - [10/25/2023] | Cyr VODs
2023-10-30,1,5217,We went GHOST HUNTING in my house (Just Chatting) - [10/30/2023] | OTK Cyr VODs
2023-11-01,1,16824,Destroying My Best Friends in Minigolf (Just Chatting) - [11/01/2023] | Cyr VODs
2023-11-17,2,9632,Welcome to The Pleasure Grottto (Just Chatting) - [11/17/2023] | Cyr VODs
2023-12-10,1,10451,The Day I Lost My Iconic Necklace (Just Chatting) - [12/10/2023] | Cyr VODs
2023-12-11,1,12623,Late Night Hot Dog's Over Open Fire w/ @PeachJars and Rune (Just Chatting) - [12/11/2023] | Cyr VODs
2023-12-15,1,12682,CYR Plays No Pixel 4.0 (GTA RP) #001 - FULL GAMEPLAY [12/15/2023] | Cyr VODs
2023-12-18,2,34720,CYR Plays No Pixel 4.0 (GTA RP) #002 - FULL GAMEPLAY [12/18/2023] | Cyr VODs
2023-12-19,2,21865,CYR Plays No Pixel 4.0 (GTA RP) #004 - FULL GAMEPLAY [12/19/2023] | Cyr VODs
2023-12-20,2,25286,CYR Plays No Pixel 4.0 (GTA RP) #006 - FULL GAMEPLAY [12/20/2023] | Cyr VODs
2023-12-21,1,15702,CYR Plays No Pixel 4.0 (GTA RP) #008 - FULL GAMEPLAY [12/21/2023] | Cyr VODs
2023-12-22,1,12301,CYR Plays No Pixel 4.0 (GTA RP) #009 - FULL GAMEPLAY [12/22/2023] | Cyr VODs
2023-12-26,2,36454,CYR Plays No Pixel 4.0 (GTA RP) #011 - FULL GAMEPLAY [12/26/2023] | Cyr VODs
2023-12-27,1,19514,CYR Plays No Pixel 4.0 (GTA RP) #012 - FULL GAMEPLAY [12/27/2023] | Cyr VODs
2024-01-04,2,24980,First Day of The Colorado Road Trip w/ @PeachJars (Part 1) (Just Chatting) - [01/04/2024] | Cyr VODs
2024-01-06,2,23458,Exploring Colorado Springs w/ @PeachJars (Part 1) (Just Chatting) - [01/06/2024] | Cyr VODs
2024-01-10,1,13597,Hitting the Streets at 9000 Feet w/ @PeachJars (Just Chatting) - [01/10/2024] | Cyr VODs
2024-01-11,1,17787,Last Day in Colorado's German Village w/ @PeachJars (Just Chatting) - [01/11/2024] | Cyr VODs
2024-01-13,1,19636,Lost In The Desert w/ @PeachJars (Just Chatting) - [01/13/2024] | Cyr VODs
2024-01-15,3,42470,CYR Plays No Pixel 4.0 (GTA RP) #014 - FULL GAMEPLAY [01/15/2024] | Cyr VODs
2024-01-16,2,33340,CYR Plays No Pixel 4.0 (GTA RP) #016 - FULL GAMEPLAY [01/16/2024] | Cyr VODs
2024-01-18,1,16382,CYR Plays No Pixel 4.0 (GTA RP) #018 - FULL GAMEPLAY [01/18/2024] | Cyr VODs
2024-01-20,1,19130,Getting Knighted At This Years 1st Ren Faire w/ @PeachJars (Just Chatting) - [01/20/2024] | Cyr VODs
2024-01-26,1,15231,Slamming Gym HARD w/ @WillNeff (Just Chatting) - [01/26/2024] | Cyr VODs
2024-01-27,1,8154,Getting Double Teamed in the GYM w/ @WillNeff & @HasanAbi (Just Chatting) - [01/27/2024] | Cyr VODs
2024-01-29,1,13134,Slammin the Gym and Korean BBQ w/ Friends (Just Chatting) - [01/29/2024] | Cyr VODs
2024-01-30,1,8905,Plowing the GYM with @WillNeff (Just Chatting) - [01/30/2024] | Cyr VODs
2024-02-02,1,9523,We Opened a Pizza Restaurant for OTK (Just Chatting) - [02/02/2024] | OTK Cyr VODs
2024-02-04,1,9594,Getting Groceries and Meal Prepping w/ @WillNeff (Just Chatting) - [02/04/2024] | Cyr VODs
2024-02-07,2,9966,Last Gym Day w/ @WillNeff Before Leaving Austin (Just Chatting) - [02/07/2024] | Cyr VODs
2024-02-11,1,12113,"Alone at the GYM, Testing New Camera (Just Chatting) - [02/11/2024] | Cyr VODs"
2024-02-12,1,8742,Getting Lost In The Woods (Just Chatting) - [02/12/2024] | Cyr VODs
2024-02-13,1,12308,Shooting My Ironforge Commercial w/ @Wake_Wilder (Just Chatting) - [02/13/2024] | Cyr VODs
2024-02-16,2,29516,Hollywood Aint As Bad As They Say (Just Chatting) - [02/16/2024] | OTK Cyr VODs
2024-02-20,1,5929,CYR Plays Elden Ring #001 - FULL GAMEPLAY [02/20/2024] | Cyr VODs
2024-02-21,1,17819,CYR Plays Elden Ring #002 - FULL GAMEPLAY [02/21/2024] | Cyr VODs
2024-02-22,2,30752,CYR Plays Elden Ring #003 - FULL GAMEPLAY [02/22/2024] | Cyr VODs
2024-02-23,1,7522,CYR Plays Elden Ring #005 - FULL GAMEPLAY [02/23/2024] | Cyr VODs
2024-02-27,2,23934,CYR Plays Elden Ring #006 - FULL GAMEPLAY [02/27/2024] | Cyr VODs
2024-02-29,2,23681,CYR Plays Elden Ring #008 - FULL GAMEPLAY [02/29/2024] | Cyr VODs
2024-03-01,1,21699,Creating Bad Songs Using A.I. (Just Chatting) - [03/01/2024] | OTK Cyr VODs
2024-03-05,1,9657,CYR Plays Elden Ring #010 - FULL GAMEPLAY [03/05/2024] | Cyr VODs
2024-03-06,1,11586,"Hunting The BEST Wiener In Austin, TX ft. @PeachJars (Just Chatting) - [03/06/2024] | Cyr VODs"
2024-03-07,1,16331,CYR Plays Elden Ring #011 - FULL GAMEPLAY [03/07/2024] | Cyr VODs
2024-03-09,2,24361,Renaissance Fair w/ PeachJars & Cinna (Just Chatting) - [03/09/2024] | Cyr VODs
2024-03-12,1,21506,CYR Plays Elden Ring #012 - FULL GAMEPLAY [03/12/2024] | Cyr VODs
2024-03-13,1,19832,CYR Plays Elden Ring #013 - FULL GAMEPLAY [03/13/2024] | Cyr VODs
2024-03-20,1,11620,Trying Out The CRAZIEST Video Tech ft. @TheSushiDragon (Just Chatting) - [03/20/2024] | Cyr VODs
2024-05-06,1,4092,Opening AWESOME Gifts My VIEWERS Sent Me (Just Chatting) - [05/06/2024] | Cyr VODs
2024-05-11,1,18297,Finding a New Gold Necklace at Texas' WILDEST Flea Market (Just Chatting) - [05/11/2024] | Cyr VODs
2024-05-13,1,4935,Late Night Fishing ft. @PeachJars (Just Chatting) - [05/13/2024] | Cyr VODs
2024-05-26,2,34696,CYR Plays Rust Kingdoms #002 - FULL GAMEPLAY [05/26/2024] | Cyr VODs
2024-05-27,2,28246,CYR Plays Rust Kingdoms #003 - FULL GAMEPLAY [05/27/2024] | Cyr VODs
2024-05-29,1,6251,CYR Plays Rust Kingdoms #005 - FULL GAMEPLAY [05/29/2024] | Cyr VODs
2024-05-30,1,14372,CYR Plays Rust Kingdoms #006 - FULL GAMEPLAY [05/30/2024] | Cyr VODs
2024-06-09,2,12874,CYR Plays Stardew Valley ft.@PeachJars #001 - FULL GAMEPLAY [06/09/2024] | Cyr VODs
2024-06-10,2,16315,CYR Plays Bodycam #002 - FULL GAMEPLAY [06/10/2024] | Cyr VODs
2024-06-11,1,12572,CYR Plays Bodycam #003  - FULL GAMEPLAY [06/11/2024] | Cyr VODs
2024-06-18,1,13658,Driving Around Austin ft. @PeachJars (Just Chatting) - [06/18/2024] | Cyr VODs
2024-06-21,1,9600,Just 2 Best Friends Enjoying Some Nature ft. Phin (Just Chatting) - [06/21/2024] | Cyr VODs
2024-06-28,1,12283,Making The Most Picture Perfect Pizza Ever ft. Phin (Just Chatting) - [06/28/2024] | Cyr VODs
2024-07-01,1,13477,Rating My VIEWERS Cars ft. @PeachJars (Just Chatting) - [07/01/2024] | Cyr VODs
2024-07-02,1,13569,Making Homemade Cupcakes and GREEN STEAK! ft. @PeachJars (Just Chatting) - [07/02/2024] | Cyr VODs
2024-07-12,1,13291,Messing Around With $50K+ Worth Of Camera Equipment (Just Chatting) - [07/12/2024] | Cyr VODs
2024-07-15,1,21466,CYR Plays Subnautica #001  - FULL GAMEPLAY [07/15/2024] | Cyr VODs
2024-07-16,1,18222,CYR Plays Subnautica #002 - FULL GAMEPLAY [07/16/2024] | Cyr VODs
2024-07-17,1,12080,CYR Plays Subnautica #003 - FULL GAMEPLAY [07/17/2024] | Cyr VODs
2024-07-18,1,5692,CYR Plays Subnautica #004 - FULL GAMEPLAY [07/18/2024] | Cyr VODs
2024-07-22,1,16649,CYR Plays Subnautica #005 - FULL GAMEPLAY [07/22/2024] | Cyr VODs
2024-07-24,1,4095,CYR Plays Subnautica #006 - FULL GAMEPLAY [07/24/2024] | Cyr VODs
2024-07-25,1,15984,Teaching @nmplol How To Act & Airfrying Expensive Steak (Just Chatting) - [07/25/2024] | Cyr VODs
2024-07-28,1,16716,"Seeing What Austin, TX Has To Offer (Just Chatting) - [07/28/2024] | Cyr VODs"
2024-07-31,2,18260,"New Haircut, Please Be Respectful (Just Chatting) - [07/31/2024] | Cyr VODs"
2024-08-01,2,15834,I got roasted in front of a whole new audience (Just Chatting) - [08/01/2024] | Cyr VODs
2024-08-02,2,26312,"[1/2] We Made a Song About ""Loving"" Our Moms (Just Chatting) - [08/02/2024] | Cyr VODs"
2024-08-05,1,9160,Reacting To My Old Songs I Made On Stream (Just Chatting) - [08/05/2024] | Cyr VODs
2024-08-06,1,13997,Cooking Dinner for @PeachJars Only Using an Airfryer (Just Chatting) - [08/06/2024] | Cyr VODs
2024-08-09,1,13662,Making Pizza Only Using Toy Claws (Just Chatting) - [08/09/2024] | Cyr VODs
2024-08-12,1,19976,Finding Out Which Chatter Has The Ugliest Pet (Just Chatting) - [08/12/2024] | Cyr VODs
2024-08-13,3,31866,CYR Plays Tavern Manager Simulator #002 - FULL GAMEPLAY [08/13/2024] | Cyr VODs
2024-08-14,2,19432,CYR Plays Tavern Manager Simulator #003 - FULL GAMEPLAY [08/14/2024] | Cyr VODs
2024-08-16,3,15784,CYR Plays Tavern Manager Simulator #004 - FULL GAMEPLAY [08/16/2024] | Cyr VODs
2024-08-19,1,13877,My Last Unhealthy Meal Before Camp Knut ft. @PeachJars  (Just Chatting) - [08/19/2024] | Cyr VODs
2024-08-21,1,12551,Emiru Choosing Gym Outfits For CYR & Will Neff (Just Chatting) - [08/21/2024] | Cyr VODs
2024-08-22,2,16654,Mealprepping like a pro w/@WillNeff & @PeachJars  (Just Chatting) - [08/22/2024] | Cyr VODs
2024-08-25,1,16284,Cooking Home Pizza While Using Our Gym Macros (Just Chatting) - [08/25/2024] | Cyr VODs
2024-08-26,1,8994,Reacting to Old-English Communities On A Remote Island (Just Chatting) - [08/26/2024] | Cyr VODs
2024-08-27,2,17916,CYR Plays Age of Mythology Retold #001 - FULL GAMEPLAY [08/27/2024] | Cyr VODs
2024-08-29,2,21092,CYR Plays Age of Mythology Retold #002 - FULL GAMEPLAY [08/29/2024] | Cyr VODs
2024-08-30,2,19606,CYR Plays Age of Mythology Retold #003 - FULL GAMEPLAY [08/30/2024] | Cyr VODs
2024-08-31,2,14004,CYR Plays Age of Mythology Retold #004 - FULL GAMEPLAY [08/31/2024] | Cyr VODs
2024-09-01,1,5575,CYR Plays Voices of the Void #001 - FULL GAMEPLAY [09/01/2024] | Cyr VODs
2024-09-03,2,14434,CYR Plays Voices of the Void #002 - FULL GAMEPLAY [09/03/2024] | Cyr VODs
2024-09-06,2,22334,CYR Plays Deadlock #001 - FULL GAMEPLAY [09/06/2024] | Cyr VODs
2024-09-07,2,19086,CYR Plays Voices of the Void #003 - FULL GAMEPLAY [09/07/2024] | Cyr VODs
2024-09-09,1,6798,Learning EVERYTHING About The New York Jets ft. @WillNeff  (Just Chatting) - [09/09/2024] | Cyr VODs
2024-09-10,1,14128,OTK ALL NIGHTER [FULL VOD + CHAT] (Just Chatting) - [09/10/2024] | Cyr VODs
2024-09-12,1,17255,CYR Getting Frosted Tips AGAIN! [w/ Chat] (Just Chatting) - [09/12/2024] | Cyr VODs
2024-09-13,2,14217,CYR Plays GeoGuessr VERSUS His Viewers - FULL GAMEPLAY [09/13/2024] | Cyr VODs
2024-09-14,1,8295,Watching the GeoGuessr WorldCup w/ @WillNeff  (Just Chatting) - [09/14/2024] | Cyr VODs
2024-09-16,2,18928,CYR Plays TCG Card Shop Simulator #001 - FULL GAMEPLAY [09/16/2024] | Cyr VODs
2024-09-17,2,17575,CYR Plays TCG Card Shop Simulator #002 - FULL GAMEPLAY [09/17/2024] | Cyr VODs
2024-09-25,3,41538,CYR Plays TCG Card Shop Simulator #003 - FULL GAMEPLAY [09/25/2024] | Cyr VODs
2024-09-26,1,6778,CYR Plays TCG Card Shop Simulator #005 - FULL GAMEPLAY [09/26/2024] | Cyr VODs
2024-09-27,2,17789,CYR Plays TCG Card Shop Simulator #006 - FULL GAMEPLAY [09/27/2024] | Cyr VODs
2024-09-28,1,10748,Ruining PeachJars Algorithm With 90s Rock (Just Chatting) - [09/28/2024] | Cyr VODs
2024-10-01,3,30773,CYR Plays TCG Card Shop Simulator #007 - FULL GAMEPLAY [10/01/2024] | Cyr VODs
2024-10-02,2,15056,CYR Plays TCG Card Shop Simulator #009 - FULL GAMEPLAY [10/02/2024] | Cyr VODs
2024-10-07,3,16997,AI CYR Started A Fight With Me... (Just Chatting) - [10/07/2024] | Cyr VODs
2024-10-08,1,17241,Blind Ranking Cheap & Expensive Beer Based on Taste (Just Chatting) - [10/08/2024] | Cyr VODs
2024-10-09,1,10556,Powerwash Simulator IRL w/ @extraemily (Just  Chatting) - [10/09/2024] | Cyr VODs
2024-10-10,2,17797,Would I Party in Your Town For a Night? (Just Chatting) - [10/10/2024] | Cyr VODs
2024-10-12,1,13988,PIZZA FRIDAY (Saturday) w/ @mayahiga  (Just Chatting) - [10/12/2024] | Cyr VODs
2024-10-13,2,18223,CYR Plays TCG Card Shop Simulator #011 - FULL GAMEPLAY [10/13/2024] | Cyr VODs
2024-10-14,2,19277,CYR Plays Old School RuneScape #001 (ft. @PeachJars ) - FULL GAMEPLAY [10/14/2024] | Cyr VODs
2024-10-15,3,12454,AI is going too far... (Just Chatting) - [10/15/2024] | Cyr VODs
2024-10-16,2,18571,COOKING BEEF STROGANOFF w/ @PeachJars  (Just Chatting) - [10/16/2024] | Cyr VODs
2024-10-17,1,8267,I tried becoming a better react streamer... (Just Chatting) - [10/17/2024] | Cyr VODs
2024-10-21,6,21442,CYR Plays Backyard Baseball #001 - FULL GAMEPLAY [10/21/2024] | Cyr VODs
2024-10-22,4,32919,CYR Plays Old School RuneScape #005 - FULL GAMEPLAY [10/22/2024] | Cyr VODs
2024-10-24,5,18896,CYR Plays Liar's Bar #001 - FULL GAMEPLAY [10/24/2024] | Cyr VODs
2024-10-26,1,11908,Americas Biggest Renaissance Faire ft. @Emiru & @jessicanigri - [10/26/2024] | Cyr VODs
2024-10-28,1,15490,Playing around with wild LIVE-Effects and BeyBlades - [10/28/2024] | Cyr VODs
2024-10-31,1,18711,Cooking Burgers for the OTK Top Streamer Contestants - [10/31/2024] | Cyr VODs
2024-11-01,1,11902,Which Upcoming Top Streamer Can Make The Better Pizza (Just  Chatting) - [11/01/2024] | Cyr VODs
2024-11-05,1,7056,Relaxing in Mexico & Shell fishing w/ PeachJars & Rune (Just  Chatting) - [11/05/2024] | Cyr VODs
2024-11-07,1,14799,Quirking out with SushiDragon and Arrav (Just  Chatting) - [11/07/2024] | Cyr VODs
2024-11-08,2,24091,CYR Plays Rust Kingdoms 2 #001 - FULL GAMEPLAY [11/08/2024] | Cyr VODs
2024-11-10,2,30967,CYR Plays Rust Kingdoms 2 #004 - FULL GAMEPLAY [11/10/2024] | Cyr VODs
2024-11-11,3,13922,Playing Rust but my chat tries to kill me - FULL GAMEPLAY [11/11/2024] | Cyr VODs
2024-11-12,1,20937,Taking an Australian to an outback steakhouse ft. @T10Nat - [11/12/2024] | Cyr VODs
2024-11-13,4,38074,CYR Plays Rust Kingdoms 2 #005 - FULL GAMEPLAY [11/13/2024] | Cyr VODs
2024-11-14,2,17348,He Cooked The Worst Burgers I've Ever Seen (Just Chatting) - [11/14/2024] | Cyr VODs
2024-11-17,1,13667,Late Night with CYR (Just Chatting) - [11/17/2024] | Cyr VODs
2024-11-19,1,8010,Twitch Is After My Ad Money! (Just Chatting) - [11/19/2024] | Cyr VODs
2024-11-20,1,11096,Preparing for OTK Gameday (Just Chatting) - [11/20/2024] | Cyr VODs
2024-11-21,3,42203,Trolling AI and reacting to dumb TikToks ft. Phin - [11/21/2024] | Cyr VODs
2024-11-22,2,21735,CYR Plays Hardcore World of Warcraft #002 - FULL GAMEPLAY [11/22/2024] | Cyr VODs
2024-11-25,3,48567,CYR Plays Hardcore World of Warcraft #003 - FULL GAMEPLAY [11/25/2024] | Cyr VODs
2024-11-26,3,34688,CYR Plays Hardcore World of Warcraft #006 - FULL GAMEPLAY [11/26/2024] | Cyr VODs
2024-11-27,3,30749,Phin Got His First Hate Thread While Grabbing Some Coffee (Just Chatting) - [11/27/2024] | Cyr VODs
2024-11-28,3,14199,CYR Plays Corepunk #001 - FULL GAMEPLAY [11/28/2024] | Cyr VODs
2024-12-02,3,29148,CYR Plays Hardcore World of Warcraft #010 - FULL GAMEPLAY [12/02/2024] | Cyr VODs
2024-12-03,3,38555,CYR Plays Hardcore World of Warcraft #012 - FULL GAMEPLAY [12/03/2024] | Cyr VODs
2024-12-04,2,16155,CYR Plays Conquest Dark #001 - FULL GAMEPLAY [12/04/2024] | Cyr VODs
2024-12-05,1,10537,Hollywod Dinner Time w/ PeachJars & Phin (Just Chatting) - [12/05/2024] | Cyr VODs
2024-12-10,2,25857,CYR Plays Hardcore World of Warcraft #013 - FULL GAMEPLAY [12/10/2024] | Cyr VODs
2024-12-11,2,14860,CYR Plays Path of Exile 2 #001 - FULL GAMEPLAY [12/11/2024] | Cyr VODs
2024-12-12,2,17190,CYR reacts to the THE GAME AWARDS 2024 (Just Chatting) - [12/12/2024] | Cyr VODs
2024-12-15,2,19676,CYR reacts to the funniest Twitch Clips of 2024 (Just Chatting) - [12/15/2024] | Cyr VODs
2024-12-16,1,25339,CELEBRATING MY 35TH BIRTHDAY W/ YOUR FAV STREAMERS (Just Chatting) - [12/16/2024] | Cyr VODs
2024-12-17,2,8462,CYR Plays Squid Game: Unleashed #001 - FULL GAMEPLAY [12/17/2024] | Cyr VODs
2024-12-18,1,8362,Making Christmas Drinks ft. Maya (Just Chatting) - [12/18/2024] | Cyr VODs
2024-12-19,2,13294,CYR Plays Baldur's Gate 3 #001 - FULL GAMEPLAY [12/19/2024] | Cyr VODs
2024-12-20,2,17012,CYR Plays Baldur's Gate 3 #002 - FULL GAMEPLAY [12/20/2024] | Cyr VODs
2024-12-21,2,12428,CYR Plays Baldur's Gate 3 #003 - FULL GAMEPLAY [12/21/2024] | Cyr VODs
2024-12-22,2,22118,CYR Plays Baldur's Gate 3 #004 - FULL GAMEPLAY [12/22/2024] | Cyr VODs
2024-12-27,2,17564,CYR Plays Baldur's Gate 3 #005 - FULL GAMEPLAY [12/27/2024] | Cyr VODs
2024-12-30,2,12673,CYR Plays Baldur's Gate 3 #006 - FULL GAMEPLAY [12/30/2024] | Cyr VODs
2024-12-31,1,13250,Building an Outdoor-Kitchen for PeachJars (Just Chatting) - [12/31/2024] | Cyr VODs
2025-01-02,2,17713,CYR Plays Baldur's Gate 3 #007 - FULL GAMEPLAY [01/02/2025] | Cyr VODs
2025-01-03,3,35015,Cyr reacts to the funniest Reels and TikToks ft. Phin (Just Chatting) - [01/03/2025] | Cyr VODs
2025-01-04,1,6127,Cooking Philly Cheesesteaks w/ PeachJars (Just Chatting) - [01/04/2025] | Cyr VODs
2025-01-08,1,12100,Encountering My Fear of Hights At 2000 Feet ft. PeachJars (Just Chatting) - [01/08/2025] | Cyr VODs
2025-01-10,1,10929,EACH DRINK = 1 UNBREAKABLE PROMISE w/ PeachJars & Jessica Nigri (Just Chatting) - [01/10/2025]
2025-01-13,3,30223,Writing a Song About Going a LITTLE Fast In School Zones (Just Chatting) - [01/13/2025] | Cyr VODs
2025-01-14,3,23394,CYR Plays Baldur's Gate 3 #008 - FULL GAMEPLAY [01/14/2025] | Cyr VODs
2025-01-15,2,11316,CYR Plays Storage Hunter Simulator #003 - FULL GAMEPLAY [01/15/2025] | Cyr VODs
2025-01-16,1,9025,LAST NIGHT WAS A DISASTER! (Just Chatting) - [01/16/2025] | Cyr VODs
2025-01-17,4,28820,CYR Plays ARMA Reforger #001 (ft. Myth) - FULL GAMEPLAY [01/17/2025] | Cyr VODs
2025-01-19,3,16323,CYR Plays Baldur's Gate 3 #009 (ft. PeachJars) - FULL GAMEPLAY [01/19/2025] | Cyr VODs
2025-01-20,5,30739,CYR Plays TrickShot Simulator #001 - FULL GAMEPLAY [01/20/2025] | Cyr VODs
2025-01-21,4,28990,CYR Plays Project Zomboid #003 - FULL GAMEPLAY [01/21/2025] | Cyr VODs
2025-01-22,5,22430,Cyr VODs [01/22/2025] - Going out for a coffee with PeachJars (Just Chatting)
2025-01-23,4,33490,1v1 Arcade Stream vs @penta (Just Chatting) - [01/23/2025] | Cyr VODs
2025-01-24,1,8836,"Cyr VODs [01/24/2025] - WOKE UP FULLY DRESSED, WHAT HAPPENED LAST NIGHT? (Just Chatting)"
2025-01-26,1,5251,Cyr VODs [01/26/2025] - this stream never happened. late night vibes (Just Chatting)
2025-01-27,2,26893,CYR Plays Streamer Life Simulator 2 #001- FULL GAMEPLAY [01/27/2025] | Cyr VODs
2025-01-28,3,18973,Cyr VODs [01/28/2025] - 10 PREGNANCY TIPS AND TRICKS FOR YOUR MOM (Just Chatting)
2025-01-29,2,14971,CYR Plays No Man's Sky #001 - FULL GAMEPLAY [01/29/2025] | Cyr VODs
2025-01-30,1,26243,Cyr VODs [01/30/2025] - MEDIA SHARE BUT PLEASE MAKE ME FEEL SOMETHING! (Just Chatting)
2025-01-31,3,15981,CYR Plays No Man's Sky #002 - FULL GAMEPLAY [01/31/2025] | Cyr VODs
2025-02-02,2,15778,Cyr VODs [02/02/2025] - Getting Busy in the Kitchen w/ @PeachJars (Just Chatting)
2025-02-03,2,29801,CYR Plays No Man's Sky #003 - FULL GAMEPLAY [02/03/2025] | Cyr VODs
2025-02-04,2,13355,CYR Plays Kingdom Come Deliverance 2 #001 - FULL GAMEPLAY [02/04/2025] | Cyr VODs
2025-02-05,2,25154,CYR Plays No Man's Sky #004 - FULL GAMEPLAY [02/05/2025] | Cyr VODs
2025-02-06,1,16040,Cyr VODs [02/06/2025] - PIZZA THURSDAY w/ @Emiru  (Just Chatting)
2025-02-10,1,21562,Cyr VODs [02/10/2025] - VEGAS STREAM. BRUNCH THEN GAMBA AND PARTY! (Just Chatting)
2025-02-12,3,37611,CYR Plays Kingdom Come Deliverance 2 #002 - FULL GAMEPLAY [02/12/2025] | Cyr VODs
2025-02-13,2,29823,CYR Plays Kingdom Come Deliverance 2 #003 - FULL GAMEPLAY [02/13/2025] | Cyr VODs
2025-02-16,2,21811,CYR Plays No Man's Sky #005 - FULL GAMEPLAY [02/16/2025] | Cyr VODs
2025-02-17,4,35145,We Are Safe When A.I. Takes Over (Just Chatting) - [02/17/2025] | Cyr VODs
2025-02-18,1,5740,Cyr VODs [02/18/2025] - WHAT HAPPENED LAST NIGHT? - QUEEN OF THE HILL PRE-STREAM (Just Chatting)
2025-02-19,4,23579,CYR Plays Kingdom Come Deliverance 2 #005 - FULL GAMEPLAY [02/19/2025] | Cyr VODs
2025-02-20,2,9038,Reacting to My Chats Funniest Videos | ClipQueue (Just Chatting) - [02/20/2025] | Cyr VODs
2025-02-21,3,17957,CYR Plays The Isle #001 - FULL GAMEPLAY [02/21/2025] | Cyr VODs
2025-02-23,3,10956,CYR Plays Sea of Thieves ft. PeachJars #001 - FULL GAMEPLAY [02/23/2025] | Cyr VODs
2025-02-24,4,10653,"Cyr VODs [02/24/2025] - NOT your dad, NOT harry potter, NOT the white paymoneywubby (Just Chatting)"
2025-02-25,3,14790,CYR Plays Conquest Dark (Demo) #001 - FULL GAMEPLAY [02/25/2025] | Cyr VODs
2025-02-26,2,15301,Driving around Austin and Coffee Date with Phin (Just Chatting) - [02/26/2025] | Cyr VODs
2025-02-27,2,14185,"Cyr VODs [02/27/2025] - SOBER STREAM, FAMILY-FRIENDLY FUN – BRING YOUR MOM (Just Chatting)"
2025-02-28,4,11248,CYR Plays FACEMINER #001 - FULL GAMEPLAY [02/28/2025] | Cyr VODs
2025-03-03,2,24289,Exploring the twisted mind of the most advanced AI Bot (Just Chatting) - [03/03/2025] | Cyr VODs
2025-03-04,4,23117,Letting AI Navigate My Car To An UNKNOWN Destination! (Just Chatting) - [03/04/2025] | Cyr VODs
2025-03-05,2,42093,USING AI TO BUILD A CHAIR FROM SCRATCH 🔨(Just Chatting) - [03/05/2025] | Cyr VODs
2025-03-06,2,27985,WakeWilder Seduces My AI Assistant Jane... (Just Chatting) - [03/06/2025] | Cyr VODs
2025-03-07,1,12761,Making a Meat Pie From Scratch w/@PeachJars  (Just Chatting) - [03/07/2025] | Cyr VODs
2025-03-10,3,26023,Sanding And Staining My Self-Made Chair (Just Chatting) - [03/10/2025] | Cyr VODs
2025-03-11,4,37948,I TRIED BUILDING A TABLE FROM SCRATCH USING ONLY AI (GONE WRONG) - (Just Chatting) - [03/11/2025]
2025-03-12,1,3507,Cyr VODs [03/12/2025] -⭕️ BUILDING A TABLE FROM SCRATCH USING ONLY AI⭕️ (Just Chatting)
2025-03-13,2,14770,Introducing Phin to My Ai (He got gaslit) - (Just Chatting) - [03/13/2025] | Cyr VODs
2025-03-14,1,21,Cyr VODs [03/14/2025] - ACCIDENTAL STREAM (Just Chatting)
2025-03-16,1,17581,Cyr VODs [03/16/2025] - RENN FAIR STREAM. PROBABLY EMBARASSING MYSELF RP'ING (Just Chatting)
2025-03-17,5,23216,Cyr VODs [03/17/2025] - HOW I GOT PREGNANT OVER THE WEEKEND. MASSIVE PLANS THIS WEEK (Just Chatting)
2025-03-18,4,26032,Balatro but Ai has no idea what its doing (neither do I) - [Just Chatting] [03/18/2025] | Cyr VODs
2025-03-19,2,17001,CYR Plays Schedule I Demo #002 - FULL GAMEPLAY [03/19/2025] | Cyr VODs
2025-03-23,1,13721,Cyr VODs [03/23/2025] - Blacksmithing at a Medieval Faire (Just Chatting)
2025-03-24,4,30124,Emiru taught me League of Legends (I'm already addicted) - [Just Chatting] [03/24/2025] | Cyr VODs
2025-03-25,2,18683,CYR Plays Schedule I #001 - FULL GAMEPLAY [03/25/2025] | Cyr VODs
2025-03-26,2,26932,CYR Plays Schedule I #002 - FULL GAMEPLAY [03/26/2025] | Cyr VODs
2025-03-27,3,7274,CYR Plays Schedule I #003 - FULL GAMEPLAY [03/27/2025] | Cyr VODs
2025-03-28,2,11885,CYR Plays Atomfall #001 - FULL GAMEPLAY [03/28/2025] | Cyr VODs
2025-03-31,4,25193,CYR Plays Shawarma Legend #001 - FULL GAMEPLAY [03/31/2025] | Cyr VODs
2025-04-01,3,17239,Cyr VODs [04/01/2025] - TRYING TO WIN $20K❗GOAT SIMULATOR TIME! (Just Chatting)
2025-04-02,4,27760,CYR Plays Shawarma Legend #002 - FULL GAMEPLAY [04/02/2025] | Cyr VODs
2025-04-03,1,14547,Cyr VODs [04/03/2025] - BIG LEBOWSKI THEMED BOWLING STREAM 🎳 ft. PENTA & WakeWilder (Just Chatting)
2025-04-22,1,16153,CYR Plays The Elder Scrolls IV: Oblivion Remastered #001 - FULL GAMEPLAY [04/22/2025] | Cyr VODs
2025-04-23,2,16845,CYR Plays The Elder Scrolls IV: Oblivion Remastered #002 - FULL GAMEPLAY [04/23/2025] | Cyr VODs
2025-04-24,2,25684,CYR Plays The Elder Scrolls IV: Oblivion Remastered #003 - FULL GAMEPLAY [04/24/2025] | Cyr VODs
2025-04-25,2,17079,CYR Plays The Elder Scrolls IV: Oblivion Remastered #004 - FULL GAMEPLAY [04/25/2025] | Cyr VODs
2025-04-27,1,8489,Cyr VODs [04/27/2025] - IS MY NEW $300 KEYBOARD WORTH IT? THOCKY UNBOXING (Just Chatting)
2025-04-28,2,37980,CYR Plays The Elder Scrolls IV: Oblivion Remastered #005 - FULL GAMEPLAY [04/28/2025] | Cyr VODs
2025-04-29,2,17504,"CYR Plays Muck (ft. Will Neff, Nandre & more) #001 - FULL GAMEPLAY [04/29/2025] | Cyr VODs"
2025-04-30,3,13753,Cyr VODs [04/30/2025] - WHY THERAPY FAILED & I'M ENLISTING IN THE MARINES AT 35 Y/O (Just Chatting)
2025-05-01,2,22924,MAKING PIZZA FOR EMIRU & CINNA 🍕 ft. Bonnie [05/01/2025] (Just Chatting) | Cyr VODs
2025-05-05,5,36675,Cyr VODs [05/05/2025] Building a Table From Scratch using A.I. ft. TheSushiDragon (Just Chatting)
2025-05-08,1,13141,"Cyr VODs [05/08/2025] THE LIVER REGENERATES, DIGNITY DOES NOT 🔴 ft. Maya & Nandre (Just Chatting)"
2025-05-09,1,10294,Cyr VODs [05/09/2025] Making my first DEEP DISH PIZZA ft. Nandre & TheSushiDragon (Just Chatting)
2025-05-10,1,10388,Cyr VODs [05/10/2025] TAKING NANDRE TO THE RESTAURANT WHERE HIS EX BROKE UP WITH HIM ft. PeachJars
2025-05-11,1,7006,[Cyr VODs] LATE NITE CYR 🍸IT'S BEEN A WHILE SINCE WE JUST HANGED OUT (Just Chatting) - [05/11/2025]
2025-05-13,3,21001,[Cyr VODs] Cyr reacts to educational videos (Just Chatting) - [05/13/2025]
2025-05-14,1,9004,[Cyr VODs] HOME MADE SPAGHETTIOS FROM SCRATCH WITH ft. PHIN & RIN (Just Chatting) [05/14/2025]
2025-05-15,1,16115,[Cyr VODs] ExtraEmily & I getting lead to an UNKNOWN LOCATION using AI (Just Chatting) [05/15/2025]
2025-05-16,1,19662,"[Cyr VODs] BOARDGAME NIGHT PRE-STREAM ft. Emiru, nmplol & more (Just Chatting) [05/16/2025]"
2025-05-18,1,17428,[Cyr VODs] GETTING NAUGHTY IN THE KITCHEN w/ PeachJars - (Just Chatting) [05/18/2025]
2025-05-19,1,22435,[Cyr VODs] COOKING AREPAS w/ Alinity (Just Chatting) - [05/19/2025]
2025-05-20,1,20527,[Cyr VODs] Staining my self-made coffee table (Just Chatting) - [05/20/2025]
2025-05-21,1,15076,[Cyr VODs] Taking MISTERARTHER and ACIE to a SPECIAL place (Just Chatting) - [05/21/2025]
2025-05-22,3,32153,[Cyr VODs] Painting with PeachJars in public 💀 No I can't paint 💀 (Just Chatting) - [05/22/2025]
2025-05-26,1,14627,"[Cyr VODs] Tornado is approaching, seeking shelter at PeachJars' house (Just Chatting) [05/26/2025]"
2025-05-27,1,18831,[Cyr VODs] Building a bench from scratch w/ Bonnie (Just Chatting) [05/27/2025]
2025-05-29,4,13008,[Cyr VODs] CYR REACTS TO ENTERTAINING SHORTS (Just Chatting) [05/29/2025]
2025-05-30,1,18614,[Cyr VODs] PIZZA FRIDAY W/ MISTERARTHER & ALINITY 🍕 (Just Chatting) [05/30/2025]
2025-06-01,3,9851,"Cyr VODs [06/01/2025] YES, I'M ADOPTED. NO, IT DIDN'T MAKE ME LEFT HANDED. (Just Chatting)"
2025-06-02,1,4370,"Cyr VODs [06/02/2025] STREAMING DIDN'T WORK OUT SO I JOINED THE PEACE CORP, AMA. (Just Chatting)"
2025-06-04,2,9805,Cyr VODs [06/04/2025] GOT A SWITCH 2 FOR 90% OFF (WORST BACK ALLEY HEAD I'VE EVER GIVEN)
2025-06-05,1,8636,🌶️ GETTING WILD IN THE KITCHEN W/ PEACHJARS 🌶️ (Just Chatting) [06/05/2025] | Cyr VODs
2025-06-06,1,19651,"🍖 GRILL OUT GONE WILD ft Alinity, Bonnie & more (Just Chatting) [06/06/2025] | Cyr VODs"
2025-06-10,3,11129,CYR Reacts to Emiru Throwing the FIRST PITCH in Cosplay (Just Chatting) [06/10/2025] | Cyr VODs
2025-06-11,3,38633,Staining Our Self-Made Bench ft. Bonnie (Just Chatting) - [06/11/2025] | Cyr VODs
2025-06-16,2,19724,Giving Our Self-Made Bench The Final Touch ft. Bonnie (Just Chatting) - [06/16/2025] | Cyr VODs
2025-06-18,1,3804,CYR Reacts to Insane Car Crashing Gameplay (Just Chatting) - [06/18/2025] | Cyr VODs
2025-06-19,4,24822,Drive & Dine in Austin with my buddy Cam (Just Chatting) - [06/19/2025] | Cyr VODs
2025-06-24,3,9288,Cyr VODs [06/24/2025] I AM BACK. FAT WEEK. TELL ME HOW MUCH YOU MISSED ME (Just Chatting)
2025-06-26,2,30249,MAKING WHITE PEOPLE RAMEN ft. Emiru & Bonnie (AUTHENTIC) (Just Chatting) - [06/26/2025] | Cyr VODs
2025-06-27,2,17087,ARCADE w/ Arky 🕹️ SHOWING HIS CHAT THAT I AM JUST A COOL GUY (Just Chatting) - [06/27/2025]
2025-06-29,4,22257,CYR's Last House Tour of his old Home (Just Chatting) - [06/29/2025]
2025-07-01,4,51954,"Exploring Disneyland w/ Will Neff, AustinShow & PeachJars  (Just Chatting) - [07/01/2025]"
2025-07-07,2,12380,CYR Plays Mecha BREAK #001 - FULL GAMEPLAY [07/07/2025] | Cyr VODs
2025-07-10,1,14559,Unpacking & Dinner w/ Bonnie & CrazyJapanese (Just Chatting) - [07/10/2025] | CYR VODs
2025-07-11,1,14082,"1st Pizza Friday in new house ft. Leanbeefpatty, Bonnie & more (Just Chatting) - [07/11/2025]"
2025-07-14,1,24704,Losing My Mind Building My New Standing Desk (Just Chatting) - [07/14/2025] | CYR VODs
2025-07-15,2,12838,CYR Plays Umamusume: Pretty Derby! #002 - FULL GAMEPLAY [07/15/2025] | Cyr VODs
2025-07-16,2,15898,Showing American breakfast to my new Asian friends (Just Chatting) - [07/16/2025] | CYR VODs
2025-07-17,3,17140,Being Annoying Streamers at a Chinese Restaurant w/ PENTA & Julia (Just Chatting) - [07/17/2025]
2025-07-26,2,23071,I made zero progress with my house so I started meal prepping (Just Chatting) - [07/26/2025]
2025-07-27,1,3506,Cyr VODs [07/27/2025] VERY SHORT SUNDAY NIGHT STREAM (Just Chatting)
2025-07-30,5,36514,Buying random stuff for my home in a dark warehouse feat. Wake Wilder (Just Chatting) - [07/30/2025]
2025-07-31,1,3872,Cyr VODs [07/31/2025] 🌶️ GETTING WILD IN THE HOUSE 🌶️ PREPPING FOR MEDIEVAL STREAM (Just Chatting)
2025-08-01,1,5140,Cyr VODs [08/01/2025] IT'S FRIDAY!!!!🌶️BUYING STUFF FOR THE HOUSE🌶️RAW DOGGING BOXES (Just Chatting)
2025-08-02,1,21570,"HOMEMADE KOREAN BBQ w/ Emiru, Bonnie, Wake & Celebi (Just Chatting) - [08/02/2025]"
2025-08-04,1,20535,"We made a song about ""Self Love"" feat. Bonnie & Wake Wilder (Just Chatting) - [08/04/2025]"
2025-08-05,3,27823,We Found a High Tech Pot and made Stew at Night (feat. Wake Wilder) (Just Chatting) - [08/05/2025]
2025-08-06,1,14305,We tested our trivia knowledge at a pub quiz  (feat. WakeWilder) - CYR VODs [08/06/2025]
2025-08-07,1,11910,AIR FRYER vs CAST IRON... Which STEAK cooks better? (feat. WakeWilder) - CYR VODs [08/07/2025]
2025-08-10,2,24204,Making Home-made Sushi (feat. WakeWilder) - CYR VODs [08/10/2025]
2025-08-11,4,30388,CYR Plays PEAK #001 - FULL GAMEPLAY [08/11/2025] | Cyr VODs
2025-08-12,2,27363,CYR Plays Abiotic Factor #001 - FULL GAMEPLAY w/ Phin [08/12/2025] | Cyr VODs
2025-08-13,2,12307,CYR plays PEAK #002 - FULL GAMEPLAY [08/13/2025] | Cyr VODs
2025-08-14,1,13796,Cooking a MASSIVE ENGLISH BREAKFAST with a MASSIVE ENGLISH MAN (ft. Zoil) - [08/14/2025] | CYR VODs
2025-08-18,2,22037,Cooking original OHIO CINCINNATI CHILI (ft. WakeWilder) - [08/18/2025] | CYR VODs
2025-08-19,3,10510,CYR plays Grandpa High on Retro - FULL PLAYTHROUGH [08/19/2025] | Cyr VODs
2025-08-20,2,22655,"Testing our Trivia Knowledge Once Again (ft. Morgpie, Wake & Mhyochi) - [08/20/2025] | CYR VODs"
2025-08-21,3,24284,Getting Groceries & Cooking DInner (ft. WakeWilder & PeachJars) - [08/21/2025] | CYR VODs
2025-08-22,1,6233,"Cyr VODs [08/22/2025] COOKING BREKKIE WITH CHAT , YORKSHIRE GOLD TEA vs PG TIPS? !clips !5k"
2025-08-24,1,5281,Cyr VODs [08/24/2025] LIKE THAT LIKE THAT LIKE THAT 🌶️ ANTIQUE ROADSHOW BINGO🌶️ PACKED WEEK
2025-08-25,2,20434,"We made a song about ""Saying Bye to Grandma"" (feat. Phin) - [08/25/2025]"
2025-08-26,4,23397,Cyr plays Waterpark Simulator #001 - FULL GAMEPLAY [08/26/2025] | Cyr VODs
2025-08-27,3,16491,Cyr plays Waterpark Simulator #003 - FULL GAMEPLAY [08/27/2025] | Cyr VODs
2025-08-29,2,16369,Cyr plays Waterpark Simulator #004 - FULL GAMEPLAY [08/29/2025] | Cyr VODs
2025-08-30,2,23991,Cyr plays Waterpark Simulator #006 - FULL GAMEPLAY [08/30/2025] | Cyr VODs
2025-09-01,1,3673,Cyr VODs [09/01/2025] GOOD MORNING | ADOPTED CEO OF WATER PARK FORCES EMPLOYEES TO WORK ON LABOR DAY
2025-09-02,2,10724,Cyr plays Ale & Tale Tavern #001 (w/ PeachJars & WakeWilder) - FULL GAMEPLAY [09/02/2025] | Cyr VODs
2025-09-04,2,19842,Cyr plays Waterpark Simulator #007 - FULL GAMEPLAY [09/04/2025] | Cyr VODs
2025-09-06,1,15107,"The GAYEST Pizza Friday, Texas Has EVER Seen! (ft. AustinShow) - [09/06/2025] | Cyr VODs"
2025-09-08,2,16730,Cyr plays Ale & Tale Tavern #002 (w/ PeachJars) - FULL GAMEPLAY [09/08/2025] | Cyr VODs
2025-09-09,1,14820,We forced a Gym Bro to guess different types of beer (ft. WakeWilder) - [09/09/2025] | Cyr VODs
2025-09-10,3,18260,Cyr plays Waterpark Simulator #008 - FULL GAMEPLAY [09/10/2025] | Cyr VODs
2025-09-11,2,5542,Cyr plays Waterpark Simulator #009 - FULL GAMEPLAY [09/11/2025] | Cyr VODs
2025-09-14,2,14605,Cyr VODs [09/14/2025]  LATE NIGHT CYR (YOU KNOW YOU LOVE IT)🔥  LEFT HANDED HUMILIATION NIGHT? !clips
2025-09-16,2,15052,Cyr plays Planet Crafter #001 - FULL GAMEPLAY [09/16/2025] | Cyr VODs
2025-09-17,2,23808,Organizing tech like a professional (ft. TheSushiDragon) - [09/17/2025] | Cyr VODs
2025-09-18,3,25141,The Chocolate Milk RANKING Nobody Asked For...But We Did It (ft. Bonnie) - [09/18/2025] | Cyr VODs
2025-09-22,2,34965,Cyr plays Rust Kingdoms 3 #001 - FULL GAMEPLAY [09/22/2025] | Cyr VODs
2025-09-23,3,38546,Cyr plays Rust Kingdoms 3 #004 - FULL GAMEPLAY [09/23/2025] | Cyr VODs
2025-09-24,4,30757,Cyr plays Rust Kingdoms 3 #005 - FULL GAMEPLAY [09/24/2025] | Cyr VODs
2025-09-25,1,17088,Cyr plays Rust Kingdoms 3 #006 - FULL GAMEPLAY [09/25/2025] | Cyr VODs
2025-09-26,3,32125,Cyr plays Rust Kingdoms 3 #007 - FULL GAMEPLAY [09/26/2025] | Cyr VODs
2025-09-27,3,14026,Cyr plays Rust Kingdoms 3 #008 - FULL GAMEPLAY [09/27/2025] | Cyr VODs
2025-09-30,2,12573,Rust but my viewers build a Pentagon to protect me from danger  [09/30/2025] | Cyr VODs
2025-10-02,2,31831,Cyr Can't Stop Laughing at AI Tik Toks of Himself - [10/02/2025] | Cyr VODs
2025-10-06,4,40850,Cyr plays Megabonk #003 - FULL GAMEPLAY [10/06/2025] | Cyr VODs
2025-10-07,2,21503,Cyr plays Megabonk #004 - FULL GAMEPLAY [10/07/2025] | Cyr VODs
2025-10-09,6,18454,Cyr VODs [10/09/2025] THERAPIST SAID MY VIEWERS ARE ALL BOTS AND NOT TO GET EMOTIONALLY CLOSE
2025-10-10,2,9842,Cyr plays Ghost of Yōtei #001 - FULL GAMEPLAY [10/10/2025] | Cyr VODs
2025-10-11,2,12759,Cyr plays Battlefield 6 #001 - FULL GAMEPLAY [10/11/2025] | Cyr VODs
2025-10-12,3,34919,Cyr plays DEAD SPACE #001 - FULL GAMEPLAY [10/12/2025] | Cyr VODs
2025-10-14,2,16863,Cyr plays Battlefield 6 #003 - FULL GAMEPLAY [10/14/2025] | Cyr VODs
2025-10-15,3,9570,"Cyr Plays DEVOUR w/ xQc, Dream & roflgator - [10/15/2025] | Cyr VODs"
2025-10-19,1,9840,I Invited PayMoneyWubby to Dinner (I think he likes me) - [10/19/2025] | Cyr VODs
2025-10-21,3,20052,Cyr Dies Laughing at A.I. Tik Toks of Himself - [10/21/2025] | Cyr VODs
2025-10-23,2,11774,NINE INCH NAILS would be JEALOUS of this! - [10/23/2025] | Cyr VODs
2025-10-24,1,8508,Out in The Wild Cooking Hotdogs Over Handmade Fire - [10/24/2025] | Cyr VODs
2025-10-27,1,27975,Two White Boys Cook Homemade Sushi & Ramen For Their Asian Friends - [10/27/2025] | Cyr VODs
2025-10-28,1,17562,Making Cursed Feet Out of Meat 💀 - [10/28/2025] | Cyr VODs
2025-10-29,1,17823,Cooking Original Homemade Sukiyaki (Japanese Hot Pot Dish) w/ Friends - [10/29/2025] | Cyr VODs
2025-11-01,1,11021,We cooked homemade STREET TACOS and felt CALIENTE! - [11/01/2025] | Cyr VODs
2025-11-03,1,8305,"Lost And Scared In Cancun, Mexico 🇲🇽 w/ WakeWilder - [11/03/2025] | Cyr VODs"
2025-11-07,1,23900,Pizza Friday but we make EVERYTHING From Scratch! 🍕 (ft. @39daph) - [11/07/2025] | Cyr VODs
2025-11-08,2,16749,Night Out w/ @39daph & WakeWilder - [11/08/2025] | Cyr VODs
2025-11-10,3,25733,Cooking Creamy Italian Meatball Soup From Scratch (ft. PeachJars) - [11/10/2025] | Cyr VODs
2025-11-11,1,15766,We Made A Song About Solving Racism - [11/11/2025] | Cyr VODs
2025-11-14,3,9450,Left Handed Non-Gamer plays Marvel Rivals for the first time - [11/14/2025] | Cyr VODs
2025-11-18,3,12354,Two White Boys Infiltrating the W Community (ft. @YourRAGEGaming) - [11/18/2025] | Cyr VODs
2025-11-19,4,28636,Fine Dining - Miami Edition ft. @YourRAGEGaming - [11/19/2025] | Cyr VODs
2025-11-20,1,9925,NIGHT SHIFT. feat. @YourRAGEGaming & WakeWilder - [11/20/2025] | Cyr VODs
2025-11-21,1,17491,Exploring Miami Nightlife w/ WakeWilder - [11/21/2025] | Cyr VODs
2025-11-24,2,20181,Hardcore Minecraft Made Me Lose My Mind! - [11/24/2025] | Cyr VODs
2025-11-25,3,17552,"Cyr VODs [11/25/2025] THERAPIST SAID MINECRAFT WILL NOT HELP YOU, ""CUH"" - [11/25/2025] | Cyr VODs"
2025-11-26,2,21754,CYR Plays Hardcore Minecraft #003 - FULL GAMEPLAY [11/26/2025] | Cyr VODs
2025-11-28,2,14913,CYR Plays Where Winds Meet #001 - FULL GAMEPLAY [11/28/2025] | Cyr VODs
2025-11-30,3,18101,CYR Plays Where Winds Meet #002 - FULL GAMEPLAY [11/30/2025] | Cyr VODs
2025-12-01,3,16938,CYR Plays Mount & Blade II: Bannerlord - FULL GAMEPLAY [12/01/2025] | Cyr VODs
2025-12-03,2,33709,Eating a lot of food w/ Zoil & Wake Wilder - [12/03/2025] | Cyr VODs
2025-12-09,2,26570,Arc Raiders but I'm a 75 Year Old Grandma Just Looking For Loot - FULL GAMEPLAY [12/09/2025]
2025-12-10,2,21179,75 Year Old Debra gets too comfortable in Arc Raiders - FULL GAMEPLAY [12/10/2025]
2025-12-12,1,16006,"Huge Pizza Friday and Game Night w/ Emiru, Bonnie & more - [12/12/2025] | Cyr VODs"
2025-12-13,1,21199,We Rented a Castle to Celebrate My Birthday with 20+ Streamers - [12/13/2025] | Cyr VODs
2025-12-15,3,22424,Showing TheSushiDragon how to dominate in Arc Raiders - FULL GAMEPLAY [12/15/2025]
2025-12-16,4,13975,Spending my Birthday alone in Arc Raiders - FULL GAMEPLAY [12/16/2025]
2025-12-17,1,17880,Trying Columbian Food And Art Convention w/ Alinity & Hachubby - [12/17/2025] | Cyr VODs
2025-12-23,1,7346,Cooking Fish I Caught With My Own Hands - [12/23/2025] | Cyr VODs
2025-12-26,1,14867,GETTING WILD IN SOUTH TEXAS - [12/26/2025] | Cyr VODs
2025-12-27,2,20349,ROAD TRIP BACK HOME w/ PeachJars (SHE TOOK 2 LAXATIVES) - [12/27/2025] | Cyr VODs
2025-12-29,3,13167,We Put Streamers on Trial | Guilty as Sock w/ YourRAGE & Friends - [12/29/2025] | Cyr VODs
2025-12-30,5,17870,Nostalgia Night w/ AustinShow - [12/30/2025] | Cyr VODs
2026-01-02,3,16024,CYR Plays The Binding of Isaac: Rebirth #001 - FULL GAMEPLAY [01/02/2026] | Cyr VODs
2026-01-03,3,9574,Cyr Reacts to AMAZING recipes by WILDERNESS COOKING - [01/03/2026] | Cyr VODs
2026-01-04,2,24170,CYR Plays MineMogul #002 - FULL GAMEPLAY [01/04/2026] | Cyr VODs
2026-01-09,1,6136,I ended up in the mountains of Austria 🇦🇹 | Europe Trip 2026 - [01/09/2026] | Cyr VODs
2026-01-11,1,12253,Facing a MASSIVE fear of mine HUNDREDS of feet above Austria | Europe Trip 2026 - [01/11/2026]
2026-01-13,1,17441,Exploring Munich for the first time | Europe Trip 2026 - [01/13/2026]
2026-01-14,1,16840,Trying Döner and Currywurst for the FIRST time! | Europe Trip 2026 - [01/14/2026] | Cyr VODs
2026-01-17,4,17777,CYR Plays Quarantine Zone: The Last Check - FULL GAMEPLAY [01/17/2026] | Cyr VODs
2026-01-19,3,13568,CYR Plays BALL X PIT #001 - FULL GAMEPLAY [01/19/2026] | Cyr VODs
2026-01-20,3,9093,CYR Plays Noita #001 - FULL GAMEPLAY [01/20/2026] | Cyr VODs
2026-01-21,2,6607,CYR Plays BALL X PIT #002 - FULL GAMEPLAY [01/21/2026] | Cyr VODs
2026-01-22,4,20627,Cyr tries out ChaseRP for the first time (GTA RP w/ PENTA) - [01/22/2026] | Cyr VODs
2026-01-23,2,12353,CYR Plays Aviassembly #001 - FULL GAMEPLAY [01/23/2026] | Cyr VODs
2026-01-28,1,3251,Getting a tour through TheSushiDragon's CRAZY streaming warehouse - [01/28/2026] | Cyr VODs
2026-01-29,4,14977,Checking out the CRAZIEST rides in the WORLD - [01/29/2026] | Cyr VODs
2026-01-30,2,18837,Cyr Plays Half Sword #001 - FULL GAMEPLAY [01/30/2026] | Cyr VODs
2026-02-02,3,15163,Cyr Plays Tainted Grail: The Fall of Avalon #001 - FULL GAMEPLAY [02/02/2026] | Cyr VODs
2026-02-04,1,11321,Building an Iron Lamp from scratch for the first time - [02/04/2026] | Cyr VODs
2026-02-05,1,16068,SETTING UP A BIG TENT IN THE BACKYARD WITH PEACHJARS  - [02/05/2026] | Cyr VODs
2026-02-10,1,11650,"Relaxing beach day in Miami, FL w/ PeachJars - [02/10/2026] | Cyr VODs"
2026-02-12,1,14164,Surprising Maya & Emily with a HUGE Valentine's dinner - [02/12/2026] | Cyr VODs
2026-02-15,1,18695,Going CRAZY with flamethrowers feat. Blau - [02/15/2026] | Cyr VODs
2026-02-16,2,13792,Cooking a healthy salmon dish for Zoil - [02/16/2026] | Cyr VODs
2026-02-17,2,23971,GOING OUT WITH PHIN AND PEACHJARS! - [02/17/2026] | Cyr VODs
2026-02-20,1,12352,Behind the scenes of our 7-day Stream-A-Thon! - [02/20/2026] | Cyr VODs
2026-02-21,6,106448,SECOND NIGHT OF OUR STREAM-A-THON! | Cyr & PeachJars Stream-A-Thon 2026 - Day 1 - [02/21/2026]
2026-02-22,4,37223,We Cooked Chinese Pork Hot Pot 🍲 | Cyr & PeachJars Stream-A-Thon 2026 - Day 2 - [02/22/2026]
2026-02-23,1,14508,Bootleg Batman Villains go IRL | Cyr & PeachJars Stream-A-Thon 2026 - Day 3 - [02/23/2026]
