date,gap_days,features,sentiment,sentiment_score,intensity,intensity_score
2022-03-09,23,unclassified,negative,-1,low,0
2022-04-01,2,"collab, travel_irl",neutral,0,medium,1
2022-04-03,1,travel_irl,neutral,1,medium,1
2022-04-04,1,travel_irl,neutral,0,medium,1
2022-04-05,2,travel_irl,neutral,0,medium,1
2022-04-07,1,travel_irl,neutral,0,medium,1
2022-04-08,1,"gameplay_arc, collab, travel_irl",neutral,0,medium,1
2022-04-09,1,"gameplay_arc, collab, travel_irl",neutral,0,medium,1
2022-04-10,1,travel_irl,neutral,0,medium,1
2022-04-11,1,travel_irl,neutral,0,medium,1
2022-04-12,2,travel_irl,neutral,0,medium,1
2022-04-14,1,"travel_irl, food_cooking",neutral,0,medium,1
2022-04-15,3,"collab, travel_irl",neutral,0,medium,1
2022-04-18,1,travel_irl,neutral,0,medium,1
2022-04-19,81,travel_irl,neutral,0,medium,1
2022-07-09,6,unclassified,neutral,0,low,0
2022-07-15,2,unclassified,neutral,0,low,0
2022-07-17,1,unclassified,neutral,0,low,0
2022-07-18,2,gameplay_arc,neutral,0,medium,2
2022-07-20,1,"gameplay_arc, recovery_risk",neutral,0,low,0
2022-07-21,3,unclassified,neutral,0,low,0
2022-07-24,35,recovery_risk,neutral,0,low,0
2022-08-28,1,gameplay_arc,neutral,0,medium,1
2022-08-29,3,gameplay_arc,neutral,0,low,0
2022-09-01,9,"gameplay_arc, challenge",neutral,0,medium,1
2022-09-10,2,"collab, return_marker",neutral,0,medium,2
2022-09-12,1,"gameplay_arc, collab",neutral,0,low,0
2022-09-13,2,gameplay_arc,neutral,0,low,0
2022-09-15,1,gameplay_arc,neutral,0,medium,1
2022-09-16,1,gameplay_arc,neutral,0,medium,1
2022-09-17,1,"gameplay_arc, food_cooking",neutral,0,low,0
2022-09-18,21,gameplay_arc,neutral,0,medium,1
2022-10-09,4,collab,neutral,0,medium,1
2022-10-13,2,"gameplay_arc, collab",neutral,0,medium,1
2022-10-15,8,"gameplay_arc, collab",neutral,0,medium,1
2022-10-23,1,"gameplay_arc, travel_irl",neutral,0,high,3
2022-10-24,1,"gameplay_arc, collab",negative,-1,medium,2
2022-10-25,4,gameplay_arc,neutral,0,medium,1
2022-10-29,2,collab,neutral,0,medium,1
2022-10-31,2,unclassified,neutral,1,low,0
2022-11-02,1,gameplay_arc,neutral,0,medium,1
2022-11-03,3,collab,neutral,0,medium,1
2022-11-06,1,collab,neutral,0,medium,1
2022-11-07,7,"gameplay_arc, collab",neutral,0,medium,1
2022-11-14,1,gameplay_arc,neutral,0,medium,1
2022-11-15,1,gameplay_arc,neutral,0,low,0
2022-11-16,1,"gameplay_arc, collab",neutral,1,medium,2
2022-11-17,1,gameplay_arc,neutral,0,low,0
2022-11-18,4,gameplay_arc,neutral,0,low,0
2022-11-22,5,gameplay_arc,neutral,0,low,0
2022-11-27,5,"gameplay_arc, challenge",neutral,0,medium,1
2022-12-02,3,gameplay_arc,neutral,0,low,0
2022-12-05,1,"gameplay_arc, collab",neutral,0,medium,1
2022-12-06,9,gameplay_arc,neutral,0,medium,1
2022-12-15,1,gameplay_arc,neutral,0,low,0
2022-12-16,17,gameplay_arc,neutral,0,low,0
2023-01-02,1,gameplay_arc,neutral,0,medium,1
2023-01-03,1,"gameplay_arc, travel_irl",neutral,0,low,0
2023-01-04,1,"gameplay_arc, travel_irl",neutral,0,low,0
2023-01-05,1,"gameplay_arc, travel_irl",neutral,0,medium,1
2023-01-06,7,"gameplay_arc, travel_irl",neutral,0,low,0
2023-01-13,2,"gameplay_arc, travel_irl",neutral,0,low,0
2023-01-15,2,"gameplay_arc, travel_irl",neutral,0,medium,1
2023-01-17,2,"gameplay_arc, travel_irl",neutral,0,low,0
2023-01-19,1,"gameplay_arc, travel_irl",neutral,0,low,0
2023-01-20,2,"gameplay_arc, travel_irl",neutral,0,low,0
2023-01-22,1,"gameplay_arc, travel_irl",neutral,0,medium,1
2023-01-23,2,"gameplay_arc, travel_irl",neutral,0,low,0
2023-01-25,11,"gameplay_arc, travel_irl",neutral,0,low,0
2023-02-05,1,gameplay_arc,neutral,0,low,0
2023-02-06,1,gameplay_arc,neutral,0,low,0
2023-02-07,6,collab,neutral,0,medium,1
2023-02-13,1,"gameplay_arc, collab",neutral,0,low,0
2023-02-14,1,"gameplay_arc, collab",neutral,0,low,0
2023-02-15,3,"gameplay_arc, collab",neutral,0,low,0
2023-02-18,1,gameplay_arc,neutral,0,low,0
2023-02-19,2,"gameplay_arc, collab",neutral,0,medium,2
2023-02-21,1,gameplay_arc,neutral,0,low,0
2023-02-22,1,gameplay_arc,neutral,0,low,0
2023-02-23,2,gameplay_arc,neutral,0,low,0
2023-02-25,2,"collab, travel_irl",neutral,0,medium,1
2023-02-27,2,"gameplay_arc, collab",neutral,0,medium,2
2023-03-01,8,"gameplay_arc, collab",neutral,0,medium,1
2023-03-09,4,gameplay_arc,neutral,0,low,0
2023-03-13,3,gameplay_arc,neutral,0,medium,1
2023-03-16,4,gameplay_arc,neutral,0,low,0
2023-03-20,2,gameplay_arc,neutral,0,low,0
2023-03-22,1,gameplay_arc,neutral,0,low,0
2023-03-23,4,gameplay_arc,neutral,0,low,0
2023-03-27,1,"collab, food_cooking",neutral,1,medium,2
2023-03-28,1,"gameplay_arc, food_cooking",neutral,0,medium,1
2023-03-29,5,"travel_irl, food_cooking",neutral,0,low,0
2023-04-03,1,gameplay_arc,neutral,0,medium,1
2023-04-04,1,"gameplay_arc, collab",neutral,0,medium,2
2023-04-05,1,gameplay_arc,neutral,0,medium,1
2023-04-06,4,gameplay_arc,neutral,1,medium,1
2023-04-10,1,"gameplay_arc, collab",neutral,0,medium,1
2023-04-11,1,gameplay_arc,neutral,0,low,0
2023-04-12,1,gameplay_arc,neutral,0,medium,1
2023-04-13,4,gameplay_arc,neutral,0,medium,1
2023-04-17,1,"gameplay_arc, collab",neutral,0,low,0
2023-04-18,1,"gameplay_arc, collab",neutral,0,low,0
2023-04-19,1,"gameplay_arc, collab",neutral,0,low,0
2023-04-20,1,"gameplay_arc, collab",neutral,0,medium,1
2023-04-21,3,"gameplay_arc, collab",neutral,0,low,0
2023-04-24,1,"gameplay_arc, collab, food_cooking",neutral,0,medium,1
2023-04-25,6,"gameplay_arc, collab",neutral,0,medium,2
2023-05-01,2,"collab, travel_irl",neutral,0,medium,1
2023-05-03,2,"collab, food_cooking",neutral,0,medium,1
2023-05-05,1,gameplay_arc,neutral,0,low,0
2023-05-06,2,gameplay_arc,neutral,0,low,0
2023-05-08,1,gameplay_arc,neutral,0,medium,1
2023-05-09,1,gameplay_arc,neutral,0,medium,1
2023-05-10,1,gameplay_arc,neutral,0,low,0
2023-05-11,2,gameplay_arc,neutral,0,low,0
2023-05-13,3,"collab, food_cooking",neutral,0,medium,1
2023-05-16,1,gameplay_arc,neutral,0,low,0
2023-05-17,1,gameplay_arc,neutral,0,low,0
2023-05-18,1,gameplay_arc,neutral,0,low,0
2023-05-19,3,gameplay_arc,neutral,0,low,0
2023-05-22,1,gameplay_arc,neutral,0,low,0
2023-05-23,33,gameplay_arc,neutral,0,medium,1
2023-06-25,5,unclassified,neutral,0,medium,1
2023-06-30,5,food_cooking,neutral,0,low,0
2023-07-05,2,"gameplay_arc, collab",neutral,0,medium,1
2023-07-07,5,"collab, food_cooking",neutral,0,medium,1
2023-07-12,2,unclassified,neutral,0,low,0
2023-07-14,1,"collab, food_cooking",neutral,0,medium,1
2023-07-15,10,"gameplay_arc, collab",neutral,0,low,0
2023-07-25,3,"gameplay_arc, collab",neutral,0,medium,1
2023-07-28,2,"collab, food_cooking",neutral,0,medium,1
2023-07-30,1,"gameplay_arc, collab",neutral,0,low,0
2023-07-31,2,"gameplay_arc, collab",neutral,0,medium,1
2023-08-02,5,"gameplay_arc, collab",neutral,0,low,0
2023-08-07,1,"gameplay_arc, collab",neutral,0,medium,1
2023-08-08,1,"gameplay_arc, collab, travel_irl, food_cooking",neutral,0,high,3
2023-08-09,1,"gameplay_arc, collab",neutral,0,low,0
2023-08-10,8,gameplay_arc,neutral,0,low,0
2023-08-18,6,"collab, food_cooking",negative,-1,medium,2
2023-08-24,4,gameplay_arc,neutral,1,medium,2
2023-08-28,2,"collab, recovery_risk",neutral,0,medium,1
2023-08-30,1,gameplay_arc,neutral,0,low,0
2023-08-31,4,gameplay_arc,neutral,0,medium,1
2023-09-04,1,gameplay_arc,neutral,0,medium,1
2023-09-05,1,gameplay_arc,neutral,0,medium,1
2023-09-06,1,"gameplay_arc, collab, food_cooking",neutral,0,medium,2
2023-09-07,5,gameplay_arc,neutral,0,medium,1
2023-09-12,3,"collab, recovery_risk",neutral,0,medium,1
2023-09-15,6,"collab, food_cooking",neutral,0,medium,1
2023-09-21,4,collab,neutral,0,medium,1
2023-09-25,1,gameplay_arc,neutral,0,medium,1
2023-09-26,1,gameplay_arc,neutral,0,medium,1
2023-09-27,13,gameplay_arc,neutral,0,low,0
2023-10-10,6,unclassified,neutral,0,low,0
2023-10-16,2,collab,neutral,0,medium,1
2023-10-18,7,collab,neutral,0,low,0
2023-10-25,5,"collab, food_cooking",neutral,0,medium,1
2023-10-30,2,unclassified,neutral,0,low,0
2023-11-01,16,collab,neutral,1,low,0
2023-11-17,23,unclassified,neutral,0,low,0
2023-12-10,1,unclassified,neutral,0,low,0
2023-12-11,4,"collab, recovery_risk",neutral,0,medium,1
2023-12-15,3,gameplay_arc,neutral,0,low,0
2023-12-18,1,gameplay_arc,neutral,0,medium,1
2023-12-19,1,gameplay_arc,neutral,0,medium,1
2023-12-20,1,gameplay_arc,neutral,0,medium,1
2023-12-21,1,gameplay_arc,neutral,0,low,0
2023-12-22,4,gameplay_arc,neutral,0,low,0
2023-12-26,1,gameplay_arc,neutral,0,medium,1
2023-12-27,8,gameplay_arc,neutral,0,low,0
2024-01-04,2,"gameplay_arc, collab, travel_irl",neutral,0,medium,1
2024-01-06,4,"gameplay_arc, collab",neutral,0,medium,1
2024-01-10,1,collab,neutral,0,medium,1
2024-01-11,2,collab,neutral,0,medium,1
2024-01-13,2,collab,neutral,0,medium,1
2024-01-15,1,gameplay_arc,neutral,0,medium,1
2024-01-16,2,gameplay_arc,neutral,0,medium,1
2024-01-18,2,gameplay_arc,neutral,0,low,0
2024-01-20,6,collab,neutral,0,medium,1
2024-01-26,1,collab,neutral,0,medium,1
2024-01-27,2,collab,neutral,0,medium,1
2024-01-29,1,"collab, travel_irl",neutral,0,low,0
2024-01-30,3,collab,neutral,1,medium,1
2024-02-02,2,food_cooking,neutral,0,low,0
2024-02-04,3,collab,neutral,0,medium,1
2024-02-07,4,"collab, travel_irl",neutral,0,medium,1
2024-02-11,1,unclassified,neutral,0,low,0
2024-02-12,1,unclassified,neutral,0,low,0
2024-02-13,3,collab,neutral,0,medium,1
2024-02-16,4,collab,negative,-1,medium,1
2024-02-20,1,gameplay_arc,neutral,0,low,0
2024-02-21,1,gameplay_arc,neutral,0,low,0
2024-02-22,1,gameplay_arc,neutral,0,medium,1
2024-02-23,4,gameplay_arc,neutral,0,low,0
2024-02-27,2,gameplay_arc,neutral,0,medium,1
2024-02-29,1,gameplay_arc,neutral,0,medium,1
2024-03-01,4,food_cooking,negative,-1,low,0
2024-03-05,1,gameplay_arc,neutral,0,low,0
2024-03-06,1,"collab, travel_irl",neutral,1,medium,1
2024-03-07,2,gameplay_arc,neutral,0,low,0
2024-03-09,3,unclassified,neutral,0,low,0
2024-03-12,1,gameplay_arc,neutral,0,low,0
2024-03-13,7,gameplay_arc,neutral,0,low,0
2024-03-20,47,collab,neutral,0,medium,1
2024-05-06,5,unclassified,neutral,0,low,0
2024-05-11,2,unclassified,neutral,0,low,0
2024-05-13,13,"collab, recovery_risk",neutral,0,medium,1
2024-05-26,1,gameplay_arc,neutral,0,medium,1
2024-05-27,2,gameplay_arc,neutral,0,medium,1
2024-05-29,1,gameplay_arc,neutral,0,low,0
2024-05-30,10,gameplay_arc,neutral,0,low,0
2024-06-09,1,"gameplay_arc, collab",neutral,0,medium,2
2024-06-10,1,gameplay_arc,negative,-1,medium,1
2024-06-11,7,gameplay_arc,neutral,0,low,0
2024-06-18,3,"collab, travel_irl",neutral,0,medium,1
2024-06-21,7,collab,neutral,1,low,0
2024-06-28,3,food_cooking,neutral,0,low,0
2024-07-01,1,collab,neutral,0,medium,1
2024-07-02,10,"collab, food_cooking",neutral,0,medium,2
2024-07-12,3,collab,neutral,0,low,0
2024-07-15,1,gameplay_arc,neutral,0,low,0
2024-07-16,1,gameplay_arc,neutral,0,low,0
2024-07-17,1,gameplay_arc,neutral,0,low,0
2024-07-18,4,gameplay_arc,neutral,0,low,0
2024-07-22,2,gameplay_arc,neutral,0,low,0
2024-07-24,1,gameplay_arc,neutral,0,low,0
2024-07-25,3,collab,neutral,0,medium,1
2024-07-28,3,travel_irl,neutral,0,low,0
2024-07-31,1,gameplay_arc,neutral,0,low,0
2024-08-01,1,gameplay_arc,neutral,0,low,0
2024-08-02,3,unclassified,neutral,0,low,0
2024-08-05,1,unclassified,neutral,0,low,0
2024-08-06,3,"collab, food_cooking",neutral,0,medium,1
2024-08-09,3,food_cooking,neutral,0,low,0
2024-08-12,1,unclassified,neutral,0,low,0
2024-08-13,1,gameplay_arc,neutral,0,medium,1
2024-08-14,2,"gameplay_arc, collab",neutral,0,medium,1
2024-08-16,3,gameplay_arc,neutral,0,medium,1
2024-08-19,2,collab,neutral,0,medium,1
2024-08-21,1,unclassified,neutral,0,low,0
2024-08-22,3,collab,neutral,0,medium,1
2024-08-25,1,food_cooking,neutral,0,low,0
2024-08-26,1,unclassified,neutral,0,low,0
2024-08-27,2,"gameplay_arc, travel_irl",neutral,0,low,0
2024-08-29,1,gameplay_arc,neutral,0,low,0
2024-08-30,1,"gameplay_arc, collab",neutral,0,medium,1
2024-08-31,1,gameplay_arc,neutral,0,low,0
2024-09-01,2,gameplay_arc,neutral,0,low,0
2024-09-03,3,gameplay_arc,neutral,0,low,0
2024-09-06,1,gameplay_arc,negative,-1,low,0
2024-09-07,2,gameplay_arc,neutral,1,medium,1
2024-09-09,1,collab,neutral,0,medium,1
2024-09-10,2,unclassified,neutral,0,medium,1
2024-09-12,1,unclassified,neutral,0,medium,1
2024-09-13,1,"gameplay_arc, collab",neutral,0,medium,1
2024-09-14,2,collab,neutral,0,medium,1
2024-09-16,1,gameplay_arc,neutral,0,low,0
2024-09-17,8,gameplay_arc,neutral,0,low,0
2024-09-25,1,gameplay_arc,neutral,0,medium,1
2024-09-26,1,gameplay_arc,neutral,0,low,0
2024-09-27,1,gameplay_arc,neutral,0,medium,2
2024-09-28,3,collab,neutral,0,low,0
2024-10-01,1,gameplay_arc,neutral,0,medium,1
2024-10-02,5,"gameplay_arc, recovery_risk",neutral,0,low,0
2024-10-07,1,"gameplay_arc, collab",neutral,0,medium,1
2024-10-08,1,unclassified,neutral,0,low,0
2024-10-09,1,"collab, travel_irl",neutral,0,medium,1
2024-10-10,2,"gameplay_arc, collab",neutral,0,medium,1
2024-10-12,1,"collab, food_cooking",neutral,0,medium,1
2024-10-13,1,gameplay_arc,neutral,0,medium,1
2024-10-14,1,"gameplay_arc, collab",neutral,0,medium,1
2024-10-15,1,gameplay_arc,neutral,0,low,0
2024-10-16,1,"gameplay_arc, collab, food_cooking",neutral,0,medium,2
2024-10-17,4,unclassified,neutral,0,low,0
2024-10-21,1,"gameplay_arc, return_marker",neutral,0,medium,1
2024-10-22,2,gameplay_arc,neutral,0,medium,1
2024-10-24,2,"gameplay_arc, collab",neutral,0,medium,1
2024-10-26,2,collab,neutral,0,medium,1
2024-10-28,3,"gameplay_arc, collab",neutral,0,low,0
2024-10-31,1,food_cooking,neutral,0,low,0
2024-11-01,4,food_cooking,neutral,0,low,0
2024-11-05,2,unclassified,neutral,0,low,0
2024-11-07,1,collab,neutral,0,low,0
2024-11-08,2,gameplay_arc,neutral,0,medium,1
2024-11-10,1,gameplay_arc,neutral,0,medium,1
2024-11-11,1,"gameplay_arc, collab, event_drops",positive,2,high,3
2024-11-12,1,"collab, return_marker",neutral,0,medium,1
2024-11-13,1,"gameplay_arc, event_drops",neutral,1,medium,1
2024-11-14,3,"gameplay_arc, food_cooking",negative,-1,low,0
2024-11-17,2,"collab, recovery_risk",neutral,0,low,0
2024-11-19,1,unclassified,neutral,0,medium,1
2024-11-20,1,gameplay_arc,neutral,0,low,0
2024-11-21,1,"gameplay_arc, collab, challenge",neutral,0,low,0
2024-11-22,3,"gameplay_arc, collab, challenge",neutral,0,low,0
2024-11-25,1,"gameplay_arc, collab, challenge",neutral,0,medium,1
2024-11-26,1,"gameplay_arc, collab, challenge",neutral,0,medium,1
2024-11-27,1,"gameplay_arc, collab, challenge",negative,-1,medium,1
2024-11-28,4,"gameplay_arc, collab, challenge",neutral,0,medium,1
2024-12-02,1,"gameplay_arc, collab, challenge",neutral,0,medium,1
2024-12-03,1,"gameplay_arc, collab, challenge",neutral,0,medium,1
2024-12-04,1,gameplay_arc,neutral,1,low,0
2024-12-05,5,unclassified,neutral,0,low,0
2024-12-10,1,"gameplay_arc, collab, event_drops, challenge",neutral,1,low,0
2024-12-11,1,"gameplay_arc, collab",neutral,1,medium,1
2024-12-12,3,"gameplay_arc, collab, event_drops",neutral,0,low,0
2024-12-15,1,gameplay_arc,neutral,1,low,0
2024-12-16,1,event_drops,neutral,1,medium,1
2024-12-17,1,"gameplay_arc, collab, event_drops",neutral,1,low,0
2024-12-18,1,unclassified,neutral,0,low,0
2024-12-19,1,gameplay_arc,neutral,0,low,0
2024-12-20,1,gameplay_arc,neutral,0,low,0
2024-12-21,1,gameplay_arc,neutral,0,low,0
2024-12-22,5,"gameplay_arc, food_cooking",neutral,0,medium,1
2024-12-27,3,gameplay_arc,neutral,0,medium,1
2024-12-30,1,gameplay_arc,neutral,0,medium,2
2024-12-31,2,food_cooking,neutral,0,low,0
2025-01-02,1,gameplay_arc,neutral,0,medium,1
2025-01-03,1,gameplay_arc,neutral,0,low,0
2025-01-04,4,food_cooking,neutral,0,low,0
2025-01-08,2,unclassified,negative,-1,low,0
2025-01-10,3,recovery_risk,neutral,0,medium,1
2025-01-13,1,gameplay_arc,negative,-1,medium,1
2025-01-14,1,gameplay_arc,neutral,0,medium,2
2025-01-15,1,gameplay_arc,negative,-1,medium,2
2025-01-16,1,unclassified,negative,-1,medium,2
2025-01-17,2,"gameplay_arc, travel_irl",neutral,0,high,3
2025-01-19,1,gameplay_arc,neutral,0,medium,2
2025-01-20,1,"gameplay_arc, collab, challenge",negative,-1,medium,1
2025-01-21,1,"gameplay_arc, recovery_risk",neutral,1,medium,2
2025-01-22,1,"gameplay_arc, collab",neutral,1,medium,2
2025-01-23,1,collab,neutral,0,high,4
2025-01-24,2,unclassified,neutral,0,medium,2
2025-01-26,1,recovery_risk,neutral,0,low,0
2025-01-27,1,"gameplay_arc, collab, recovery_risk",neutral,0,medium,1
2025-01-28,1,"gameplay_arc, collab",neutral,0,medium,1
2025-01-29,1,gameplay_arc,neutral,0,medium,1
2025-01-30,1,unclassified,neutral,0,medium,2
2025-01-31,2,gameplay_arc,neutral,0,high,6
2025-02-02,1,"collab, food_cooking, recovery_risk",neutral,0,medium,2
2025-02-03,1,gameplay_arc,neutral,0,medium,1
2025-02-04,1,"gameplay_arc, return_marker",neutral,0,medium,1
2025-02-05,1,gameplay_arc,neutral,0,medium,1
2025-02-06,4,"collab, food_cooking",neutral,0,medium,1
2025-02-10,2,"gameplay_arc, collab, travel_irl",neutral,0,medium,2
2025-02-12,1,gameplay_arc,neutral,0,medium,1
2025-02-13,3,"gameplay_arc, challenge",neutral,0,medium,1
2025-02-16,1,gameplay_arc,neutral,0,medium,1
2025-02-17,1,gameplay_arc,neutral,0,medium,1
2025-02-18,1,unclassified,neutral,0,medium,2
2025-02-19,1,"gameplay_arc, collab, food_cooking",neutral,0,medium,1
2025-02-20,1,unclassified,neutral,1,high,3
2025-02-21,2,gameplay_arc,neutral,0,medium,2
2025-02-23,1,"gameplay_arc, food_cooking, recovery_risk",neutral,1,medium,1
2025-02-24,1,unclassified,neutral,0,low,0
2025-02-25,1,gameplay_arc,neutral,0,medium,1
2025-02-26,1,"collab, travel_irl",neutral,1,medium,1
2025-02-27,1,gameplay_arc,neutral,1,medium,1
2025-02-28,3,gameplay_arc,neutral,0,medium,1
2025-03-03,1,unclassified,neutral,0,medium,1
2025-03-04,1,"gameplay_arc, collab",neutral,1,high,4
2025-03-05,1,"food_cooking, return_marker",neutral,0,medium,1
2025-03-06,1,unclassified,neutral,0,medium,2
2025-03-07,3,"collab, food_cooking",neutral,0,medium,1
2025-03-10,1,collab,neutral,1,medium,1
2025-03-11,1,unclassified,negative,-2,medium,1
2025-03-12,1,unclassified,neutral,0,medium,1
2025-03-13,1,unclassified,neutral,0,high,3
2025-03-14,2,unclassified,neutral,0,low,0
2025-03-16,1,gameplay_arc,neutral,0,medium,1
2025-03-17,1,"gameplay_arc, food_cooking",negative,-1,medium,2
2025-03-18,1,unclassified,neutral,1,medium,1
2025-03-19,4,"gameplay_arc, collab",neutral,0,medium,1
2025-03-23,1,unclassified,neutral,0,low,0
2025-03-24,1,gameplay_arc,neutral,0,medium,1
2025-03-25,1,gameplay_arc,neutral,0,medium,2
2025-03-26,1,gameplay_arc,neutral,0,high,3
2025-03-27,1,gameplay_arc,neutral,0,medium,2
2025-03-28,3,gameplay_arc,neutral,1,medium,2
2025-03-31,1,gameplay_arc,neutral,0,medium,1
2025-04-01,1,"gameplay_arc, collab",neutral,1,medium,2
2025-04-02,1,"gameplay_arc, collab",neutral,0,high,3
2025-04-03,19,unclassified,neutral,0,medium,1
2025-04-22,1,gameplay_arc,neutral,0,low,0
2025-04-23,1,gameplay_arc,neutral,0,medium,1
2025-04-24,1,gameplay_arc,neutral,0,medium,1
2025-04-25,2,"gameplay_arc, recovery_risk",neutral,0,medium,2
2025-04-27,1,unclassified,neutral,0,medium,2
2025-04-28,1,"gameplay_arc, travel_irl, food_cooking",neutral,0,medium,1
2025-04-29,1,"gameplay_arc, collab",neutral,0,medium,1
2025-04-30,1,gameplay_arc,neutral,1,medium,1
2025-05-01,4,food_cooking,neutral,0,medium,1
2025-05-05,3,"gameplay_arc, collab",neutral,1,medium,1
2025-05-08,1,unclassified,neutral,0,medium,1
2025-05-09,1,food_cooking,neutral,0,medium,1
2025-05-10,1,collab,neutral,0,medium,1
2025-05-11,2,"return_marker, recovery_risk",neutral,0,medium,1
2025-05-13,1,unclassified,neutral,0,medium,1
2025-05-14,1,collab,neutral,0,medium,1
2025-05-15,1,unclassified,neutral,0,low,0
2025-05-16,2,gameplay_arc,neutral,0,medium,1
2025-05-18,1,food_cooking,neutral,0,medium,1
2025-05-19,1,food_cooking,neutral,0,low,0
2025-05-20,1,unclassified,neutral,0,low,0
2025-05-21,1,unclassified,neutral,0,medium,1
2025-05-22,4,collab,negative,-3,medium,1
2025-05-26,1,unclassified,neutral,0,low,0
2025-05-27,2,unclassified,neutral,0,low,0
2025-05-29,1,"gameplay_arc, recovery_risk",neutral,1,high,4
2025-05-30,2,food_cooking,neutral,0,medium,1
2025-06-01,1,collab,neutral,1,medium,2
2025-06-02,2,gameplay_arc,neutral,0,medium,1
2025-06-04,1,"gameplay_arc, travel_irl, return_marker",negative,-1,medium,1
2025-06-05,1,food_cooking,neutral,0,medium,1
2025-06-06,4,collab,neutral,0,medium,1
2025-06-10,1,unclassified,neutral,1,medium,1
2025-06-11,5,"collab, return_marker",neutral,1,medium,1
2025-06-16,2,gameplay_arc,neutral,0,medium,1
2025-06-18,1,gameplay_arc,neutral,0,low,0
2025-06-19,5,"gameplay_arc, collab, travel_irl",neutral,0,medium,1
2025-06-24,2,"gameplay_arc, return_marker",neutral,0,medium,2
2025-06-26,1,unclassified,neutral,0,medium,2
2025-06-27,2,unclassified,neutral,1,medium,2
2025-06-29,2,unclassified,neutral,1,medium,1
2025-07-01,6,"gameplay_arc, collab, travel_irl, return_marker",neutral,0,medium,1
2025-07-07,3,"gameplay_arc, recovery_risk",neutral,0,medium,1
2025-07-10,1,travel_irl,neutral,0,low,0
2025-07-11,3,food_cooking,neutral,0,low,0
2025-07-14,1,unclassified,neutral,0,low,0
2025-07-15,1,gameplay_arc,positive,2,medium,2
2025-07-16,1,"collab, food_cooking, recovery_risk",neutral,1,medium,1
2025-07-17,9,unclassified,neutral,0,medium,1
2025-07-26,1,"collab, travel_irl, return_marker",neutral,0,high,3
2025-07-27,3,recovery_risk,neutral,0,medium,1
2025-07-30,1,"gameplay_arc, collab, food_cooking",neutral,0,medium,1
2025-07-31,1,unclassified,neutral,0,medium,1
2025-08-01,1,unclassified,neutral,0,high,4
2025-08-02,2,travel_irl,neutral,0,low,0
2025-08-04,1,"collab, food_cooking",neutral,1,low,0
2025-08-05,1,"gameplay_arc, collab, food_cooking",neutral,1,medium,1
2025-08-06,1,"collab, food_cooking",neutral,0,low,0
2025-08-07,3,"collab, food_cooking",neutral,0,medium,2
2025-08-10,1,"collab, food_cooking",neutral,0,low,0
2025-08-11,1,"gameplay_arc, collab",neutral,1,medium,2
2025-08-12,1,"gameplay_arc, collab",neutral,0,medium,1
2025-08-13,1,gameplay_arc,neutral,0,medium,2
2025-08-14,4,"collab, food_cooking, recovery_risk",neutral,0,medium,1
2025-08-18,1,"gameplay_arc, food_cooking, return_marker",neutral,0,medium,2
2025-08-19,1,"gameplay_arc, collab",neutral,1,high,3
2025-08-20,1,unclassified,neutral,0,high,3
2025-08-21,1,"gameplay_arc, collab, food_cooking",neutral,1,high,4
2025-08-22,2,"collab, food_cooking",neutral,0,high,4
2025-08-24,1,unclassified,neutral,0,medium,1
2025-08-25,1,"gameplay_arc, collab, food_cooking",neutral,0,medium,1
2025-08-26,1,"gameplay_arc, collab, challenge",neutral,0,medium,1
2025-08-27,2,"gameplay_arc, collab, food_cooking",neutral,0,medium,1
2025-08-29,1,"gameplay_arc, challenge",neutral,0,medium,1
2025-08-30,2,gameplay_arc,neutral,0,medium,1
2025-09-01,1,unclassified,neutral,1,medium,1
2025-09-02,2,gameplay_arc,neutral,0,medium,1
2025-09-04,2,gameplay_arc,neutral,0,medium,1
2025-09-06,2,"travel_irl, food_cooking",neutral,0,medium,1
2025-09-08,1,"gameplay_arc, collab",neutral,0,medium,1
2025-09-09,1,unclassified,neutral,0,low,0
2025-09-10,1,gameplay_arc,neutral,0,medium,1
2025-09-11,3,"gameplay_arc, collab",neutral,1,medium,1
2025-09-14,2,"gameplay_arc, collab, recovery_risk",neutral,1,high,3
2025-09-16,1,gameplay_arc,neutral,1,medium,2
2025-09-17,1,unclassified,neutral,0,low,0
2025-09-18,4,"gameplay_arc, collab, recovery_risk",neutral,0,medium,1
2025-09-22,1,gameplay_arc,neutral,0,medium,1
2025-09-23,1,"gameplay_arc, collab",neutral,0,medium,2
2025-09-24,1,gameplay_arc,neutral,0,medium,2
2025-09-25,1,gameplay_arc,neutral,0,low,0
2025-09-26,1,gameplay_arc,neutral,0,medium,2
2025-09-27,3,"gameplay_arc, collab",neutral,0,medium,2
2025-09-30,2,gameplay_arc,neutral,0,low,0
2025-10-02,4,"gameplay_arc, food_cooking",neutral,0,low,0
2025-10-06,1,gameplay_arc,neutral,0,medium,1
2025-10-07,2,"gameplay_arc, return_marker",neutral,0,medium,2
2025-10-09,1,"gameplay_arc, food_cooking",negative,-2,medium,2
2025-10-10,1,"gameplay_arc, collab",neutral,1,medium,1
2025-10-11,1,gameplay_arc,neutral,0,medium,1
2025-10-12,2,gameplay_arc,neutral,0,high,3
2025-10-14,1,gameplay_arc,negative,-1,medium,1
2025-10-15,4,recovery_risk,positive,2,medium,1
2025-10-19,2,unclassified,neutral,0,low,0
2025-10-21,2,gameplay_arc,neutral,0,medium,1
2025-10-23,1,gameplay_arc,neutral,1,medium,2
2025-10-24,3,food_cooking,neutral,0,low,0
2025-10-27,1,"collab, food_cooking",neutral,0,low,0
2025-10-28,1,food_cooking,negative,-1,low,0
2025-10-29,3,"collab, travel_irl, food_cooking",neutral,0,low,0
2025-11-01,2,food_cooking,neutral,0,medium,2
2025-11-03,4,unclassified,neutral,0,low,0
2025-11-07,1,"collab, food_cooking",neutral,0,medium,2
2025-11-08,2,"collab, travel_irl",neutral,0,medium,1
2025-11-10,1,"collab, food_cooking",neutral,0,medium,1
2025-11-11,3,unclassified,neutral,0,low,0
2025-11-14,4,"gameplay_arc, collab",neutral,1,low,0
2025-11-18,1,collab,negative,-3,medium,1
2025-11-19,1,collab,negative,-4,medium,2
2025-11-20,1,"collab, food_cooking",negative,-1,medium,1
2025-11-21,3,unclassified,neutral,0,low,0
2025-11-24,1,"gameplay_arc, collab, challenge, return_marker",neutral,1,medium,2
2025-11-25,1,"gameplay_arc, collab, challenge",neutral,0,medium,1
2025-11-26,2,"gameplay_arc, collab, challenge",neutral,0,medium,1
2025-11-28,2,gameplay_arc,positive,2,medium,1
2025-11-30,1,gameplay_arc,neutral,1,medium,1
2025-12-01,2,"gameplay_arc, collab, food_cooking",neutral,0,medium,1
2025-12-03,6,food_cooking,neutral,0,low,0
2025-12-09,1,"gameplay_arc, return_marker",neutral,0,medium,1
2025-12-10,2,"gameplay_arc, return_marker",neutral,0,medium,2
2025-12-12,1,"gameplay_arc, food_cooking",neutral,0,low,0
2025-12-13,2,"collab, event_drops",neutral,1,low,0
2025-12-15,1,"gameplay_arc, collab",neutral,1,medium,1
2025-12-16,1,"gameplay_arc, event_drops",positive,3,medium,2
2025-12-17,6,food_cooking,neutral,0,low,0
2025-12-23,3,"collab, food_cooking",neutral,0,low,0
2025-12-26,1,unclassified,neutral,0,medium,1
2025-12-27,2,"travel_irl, food_cooking, return_marker",neutral,0,medium,1
2025-12-29,1,"collab, recovery_risk",negative,-1,medium,2
2025-12-30,3,"gameplay_arc, collab, travel_irl",negative,-1,medium,2
2026-01-02,1,gameplay_arc,neutral,0,medium,1
2026-01-03,1,"gameplay_arc, food_cooking",neutral,0,medium,1
2026-01-04,5,"gameplay_arc, travel_irl",neutral,0,medium,1
2026-01-09,2,travel_irl,neutral,0,low,0
2026-01-11,2,travel_irl,negative,-1,low,0
2026-01-13,1,"gameplay_arc, travel_irl",neutral,1,low,0
2026-01-14,3,"gameplay_arc, travel_irl",neutral,1,medium,1
2026-01-17,2,gameplay_arc,neutral,0,medium,2
2026-01-19,1,gameplay_arc,neutral,0,medium,1
2026-01-20,1,"gameplay_arc, recovery_risk",neutral,0,medium,1
2026-01-21,1,gameplay_arc,neutral,0,medium,1
2026-01-22,1,gameplay_arc,neutral,1,high,3
2026-01-23,5,"gameplay_arc, recovery_risk",neutral,0,medium,1
2026-01-28,1,unclassified,neutral,0,low,0
2026-01-29,1,food_cooking,neutral,0,low,0
2026-01-30,3,gameplay_arc,neutral,0,medium,1
2026-02-02,2,"gameplay_arc, food_cooking",neutral,0,medium,1
2026-02-04,1,gameplay_arc,neutral,1,low,0
2026-02-05,5,"collab, return_marker",neutral,0,medium,1
2026-02-10,2,unclassified,neutral,0,low,0
2026-02-12,3,"gameplay_arc, collab",neutral,0,low,0
2026-02-15,1,"collab, food_cooking",neutral,0,low,0
2026-02-16,1,"gameplay_arc, food_cooking, recovery_risk",neutral,0,low,0
2026-02-17,3,collab,neutral,0,medium,2
2026-02-20,1,unclassified,neutral,0,medium,1
2026-02-21,1,unclassified,neutral,0,high,4
2026-02-22,1,"food_cooking, recovery_risk",neutral,0,high,4
2026-02-23,1,travel_irl,neutral,0,medium,1
2026-02-24,1,"collab, challenge, recovery_risk",neutral,1,high,4
2026-02-25,1,"gameplay_arc, collab, event_drops, travel_irl, food_cooking, recovery_risk",positive,4,high,4
2026-02-26,1,recovery_risk,neutral,0,high,4
2026-02-27,1,recovery_risk,neutral,0,high,3
2026-02-28,2,unclassified,neutral,0,medium,1
2026-03-02,2,recovery_risk,neutral,0,medium,1
2026-03-04,7,unclassified,neutral,0,low,0
2026-03-11,1,unclassified,neutral,0,medium,2
2026-03-12,1,gameplay_arc,negative,-1,medium,2
2026-03-13,2,unclassified,neutral,0,medium,1
2026-03-15,1,unclassified,neutral,0,medium,1
2026-03-16,22,unclassified,neutral,1,medium,1
2026-04-07,1,gameplay_arc,neutral,0,low,0
2026-04-08,1,gameplay_arc,neutral,0,low,0
2026-04-09,15,"gameplay_arc, collab",neutral,0,medium,2
2026-04-24,6,food_cooking,neutral,0,low,0
2026-04-30,4,unclassified,negative,-1,medium,2
2026-05-04,2,unclassified,neutral,0,medium,1
2026-05-06,10,unclassified,neutral,0,medium,1
2026-05-16,7,gameplay_arc,neutral,1,low,0
2026-05-23,2,unclassified,neutral,0,medium,1
2026-05-25,3,unclassified,neutral,0,medium,1
2026-05-28,1,collab,neutral,0,medium,1
2026-05-29,4,gameplay_arc,neutral,1,medium,1
2026-06-02,1,return_marker,negative,-1,medium,1
2026-06-03,2,gameplay_arc,negative,-1,medium,2
2026-06-05,2,unclassified,neutral,0,medium,1
2026-06-07,4,gameplay_arc,neutral,0,high,3
2026-06-11,1,collab,neutral,1,high,4
2026-06-12,3,food_cooking,neutral,0,medium,1
2026-06-15,2,unclassified,neutral,0,medium,2
2026-06-17,1,travel_irl,neutral,0,medium,1
2026-06-18,5,food_cooking,neutral,0,medium,2
2026-06-23,1,unclassified,negative,-1,high,3
2026-06-24,1,"gameplay_arc, food_cooking",neutral,0,medium,1
2026-06-25,2,collab,neutral,0,high,3
2026-06-27,2,gameplay_arc,neutral,1,medium,2
2026-06-29,2,unclassified,neutral,0,medium,1
2026-07-01,7,collab,neutral,0,high,3
2026-07-08,1,"gameplay_arc, collab, food_cooking",neutral,0,high,3
2026-07-09,1,"gameplay_arc, food_cooking",neutral,0,high,4
2026-07-10,2,gameplay_arc,neutral,0,medium,2
2026-07-12,1,gameplay_arc,neutral,0,medium,2
2026-07-13,1,gameplay_arc,neutral,0,medium,1
2026-07-14,2,collab,neutral,0,medium,1
2026-07-16,1,collab,neutral,0,medium,1
2026-07-17,3,unclassified,neutral,0,medium,1
2026-07-20,3,unclassified,negative,-1,high,3
2026-07-23,1,collab,neutral,1,medium,2
2026-07-24,3,"collab, food_cooking",neutral,0,medium,1
2026-07-27,1,"gameplay_arc, food_cooking",neutral,0,high,4
2026-07-28,1,unclassified,neutral,0,high,3
2026-07-29,1,"food_cooking, return_marker",neutral,0,medium,2
2026-07-30,1,unclassified,neutral,0,high,3
2026-07-31,4,"gameplay_arc, food_cooking, return_marker, recovery_risk",neutral,0,high,4
2026-08-04,1,recovery_risk,neutral,1,high,3
2026-08-05,1,recovery_risk,neutral,0,medium,2
2026-08-06,1,unclassified,neutral,1,medium,2
